1	1	1	YMR271C	DMA3865
1	1	2	YMR271C	DMA3865
1	1	3	YMR271C	DMA3865
1	1	4	YMR271C	DMA3865
1	1	5	YMR271C	DMA3865
1	1	6	YMR271C	DMA3865
1	1	7	YMR271C	DMA3865
1	1	8	YMR271C	DMA3865
1	1	9	YMR271C	DMA3865
1	1	10	YMR271C	DMA3865
1	1	11	YMR271C	DMA3865
1	1	12	YMR271C	DMA3865
1	1	13	YMR271C	DMA3865
1	1	14	YMR271C	DMA3865
1	1	15	YMR271C	DMA3865
1	1	16	YMR271C	DMA3865
1	1	17	YMR271C	DMA3865
1	1	18	YMR271C	DMA3865
1	1	19	YMR271C	DMA3865
1	1	20	YMR271C	DMA3865
1	1	21	YMR271C	DMA3865
1	1	22	YMR271C	DMA3865
1	1	23	YMR271C	DMA3865
1	1	24	YMR271C	DMA3865
1	2	1	YMR271C	DMA3865
1	2	2	YML105C	TSA710
1	2	3	YOR329C	TSA570
1	2	4	YJR076C	TSA82
1	2	5	YGR119C	TSA954
1	2	6	YPR055W	TSA122
1	2	7	YGR140W	TSA133
1	2	8	YLR452C	DMA3495
1	2	9	YDL029W	TSA886
1	2	10	YDR150W	DMA946
1	2	11	YMR296C	TSA602
1	2	12	YIR011C	TSA1105
1	2	13	YOR361C	TSA27
1	2	14	YFL009W	TSA415
1	2	15	YGL247W	TSA1123
1	2	16	BLANK	
1	2	17	YLR117C	TSA1047
1	2	18	YJL034W	TSA210
1	2	19	YJL125C	TSA620
1	2	20	YER038C	TSA996
1	2	21	YPL010W	TSA689
1	2	22	YHR069C	TSA724
1	2	23	YBR202W	TSA125
1	2	24	YMR271C	DMA3865
1	3	1	YMR271C	DMA3865
1	3	2	YNL041C	DMA3970
1	3	3	YDR044W	TSA1076
1	3	4	YBR160W	TSA175
1	3	5	YMR079W	TSA53
1	3	6	YBL097W	TSA510
1	3	7	YMR307W	DMA3905
1	3	8	YGL207W	TSA339
1	3	9	YML046W	TSA494
1	3	10	YDR364C	TSA18
1	3	11	YNL232W	TSA1156
1	3	12	YDL126C	TSA179
1	3	13	YLR022C	TSA1026
1	3	14	YNR026C	TSA60
1	3	15	YLL002W	DMA3033
1	3	16	YNL061W	TSA628
1	3	17	YER157W	TSA41
1	3	18	YPL047W	DMA4811
1	3	19	YLR071C	TSA908
1	3	20	YOL018C	DMA4304
1	3	21	YOR224C	TSA1195
1	3	22	YKL035W	TSA1155
1	3	23	YBR060C	TSA309
1	3	24	YMR271C	DMA3865
1	4	1	YMR271C	DMA3865
1	4	2	YEL026W	TSA810
1	4	3	YNL132W	TSA1262
1	4	4	YOR020C	TSA681
1	4	5	YOR103C	TSA1158
1	4	6	YML102W	DMA3590
1	4	7	YHR007C	TSA14
1	4	8	YBR049C	TSA1107
1	4	9	YML028W	DMA3534
1	4	10	YGL219C	DMA1748
1	4	11	YOR294W	TSA687
1	4	12	YNL118C	TSA743
1	4	13	YJL081C	TSA618
1	4	14	YBR193C	TSA751
1	4	15	YDR172W	TSA28
1	4	16	YGR270W	DMA2009
1	4	17	YKL193C	TSA573
1	4	18	YDR394W	TSA785
1	4	19	YJL097W	TSA896
1	4	20	YOL066C	TSA1181
1	4	21	YLR088W	TSA207
1	4	22	YER148W	TSA812
1	4	23	YAL034W-A	TSA235
1	4	24	YMR271C	DMA3865
1	5	1	YMR271C	DMA3865
1	5	2	YPR176C	TSA143
1	5	3	YDR021W	TSA728
1	5	4	YIL048W	TSA188
1	5	5	YMR190C	DMA3784
1	5	6	YHR036W	TSA1042
1	5	7	YDL043C	TSA369
1	5	8	YFL039C	TSA216
1	5	9	YJL046W	DMA2464
1	5	10	YER125W	TSA464
1	5	11	YEL019C	TSA533
1	5	12	YDR293C	DMA1035
1	5	13	YGR081C	DMA1857
1	5	14	YDR434W	TSA1178
1	5	15	YPL169C	TSA816
1	5	16	YHR191C	DMA2228
1	5	17	YDR050C	TSA988
1	5	18	YDL126C	TSA209
1	5	19	YGL151W	DMA1703
1	5	20	YBR026C	DMA196
1	5	21	YBR102C	TSA24
1	5	22	YNL189W	TSA1182
1	5	23	YLR045C	TSA555
1	5	24	YMR271C	DMA3865
1	6	1	YMR271C	DMA3865
1	6	2	YOR336W	TSA139
1	6	3	YLR347C	TSA228
1	6	4	YFL039C	TSA219
1	6	5	YOR057W	TSA830
1	6	6	YNR043W	TSA828
1	6	7	YFR052W	TSA405
1	6	8	YFR050C	TSA1139
1	6	9	YDR356W	TSA301
1	6	10	YFL005W	TSA307
1	6	11	YGL113W	TSA1119
1	6	12	YGL233W	TSA40
1	6	13	YMR304W	DMA3909
1	6	14	YDR498C	TSA55
1	6	15	YGL245W	TSA1194
1	6	16	YKR086W	TSA598
1	6	17	YGL130W	TSA124
1	6	18	YLR056W	DMA3153
1	6	19	YDL028C	TSA169
1	6	20	YHR040W	TSA1067
1	6	21	YDR341C	TSA1118
1	6	22	YNL163C	TSA1019
1	6	23	YPR085C	TSA1232
1	6	24	YMR271C	DMA3865
1	7	1	YMR271C	DMA3865
1	7	2	YPR016C	TSA1010
1	7	3	YOR116C	TSA831
1	7	4	YCR052W	TSA1191
1	7	5	YOR257W	TSA152
1	7	6	YKL213C	DMA2910
1	7	7	YLR293C	TSA256
1	7	8	YDR356W	TSA276
1	7	9	YOR122C	TSA233
1	7	10	YGR172C	TSA981
1	7	11	YDR302W	TSA1177
1	7	12	YIL104C	TSA1100
1	7	13	YJR046W	TSA705
1	7	14	YHR058C	TSA1094
1	7	15	YCR002C	TSA81
1	7	16	YBL105C	TSA541
1	7	17	YDR236C	TSA1245
1	7	18	YOR074C	TSA927
1	7	19	YDL087C	TSA711
1	7	20	YCL061C	DMA522
1	7	21	YOR204W	TSA557
1	7	22	YGR172C	TSA980
1	7	23	YDL098C	TSA1079
1	7	24	YMR271C	DMA3865
1	8	1	YMR271C	DMA3865
1	8	2	YDR527W	TSA1216
1	8	3	YBL105C	TSA535
1	8	4	YLR317W	TSA1151
1	8	5	YLL038C	DMA3057
1	8	6	YML031W	TSA176
1	8	7	YIL083C	TSA1212
1	8	8	YPL255W	TSA691
1	8	9	YMR308C	TSA683
1	8	10	YGL047W	TSA1197
1	8	11	YLR033W	TSA1145
1	8	12	YGL048C	TSA907
1	8	13	YDL028C	TSA167
1	8	14	YKL112W	TSA837
1	8	15	YGR156W	TSA477
1	8	16	YPL209C	TSA206
1	8	17	YDR182W	TSA414
1	8	18	YDL103C	TSA860
1	8	19	YFL039C	TSA220
1	8	20	YJL115W	DMA2518
1	8	21	YMR061W	TSA1106
1	8	22	YBR087W	TSA887
1	8	23	YLR110C	DMA3198
1	8	24	YMR271C	DMA3865
1	9	1	YMR271C	DMA3865
1	9	2	YLR163C	TSA497
1	9	3	YAL013W	DMA16
1	9	4	YDL028C	TSA170
1	9	5	YJR093C	TSA1096
1	9	6	YNL258C	TSA418
1	9	7	YMR239C	TSA673
1	9	8	YLR193C	DMA3256
1	9	9	YMR197C	TSA634
1	9	10	YJR057W	TSA22
1	9	11	YBR109C	TSA154
1	9	12	YOR074C	TSA147
1	9	13	YJL168C	DMA2546
1	9	14	YCL010C	DMA478
1	9	15	YDL132W	TSA974
1	9	16	YGR246C	TSA478
1	9	17	YJL203W	TSA401
1	9	18	YIL068C	TSA38
1	9	19	YDR060W	TSA249
1	9	20	YDR145W	TSA514
1	9	21	YOR184W	DMA4596
1	9	22	YBR080C	TSA54
1	9	23	YJR076C	TSA126
1	9	24	YMR271C	DMA3865
1	10	1	YMR271C	DMA3865
1	10	2	YLR026C	TSA198
1	10	3	YAL003W	TSA987
1	10	4	YGL043W	DMA1631
1	10	5	YLR276C	TSA1148
1	10	6	YLR208W	TSA52
1	10	7	YHR065C	TSA1261
1	10	8	YKL173W	TSA622
1	10	9	YGR091W	TSA400
1	10	10	YDL208W	TSA1176
1	10	11	YPL235W	TSA1202
1	10	12	YLR342W	DMA3377
1	10	13	YPR179C	DMA5157
1	10	14	YGR103W	TSA447
1	10	15	YKR022C	TSA1231
1	10	16	YDR512C	DMA1213
1	10	17	YLR340W	TSA1152
1	10	18	YPL228W	TSA270
1	10	19	YPL174C	DMA4918
1	10	20	YHR101C	TSA1129
1	10	21	YJL104W	TSA499
1	10	22	YDR162C	DMA958
1	10	23	YKL019W	TSA1273
1	10	24	YMR271C	DMA3865
1	11	1	YMR271C	DMA3865
1	11	2	YPR086W	TSA1274
1	11	3	YCL052C	TSA1069
1	11	4	YDL028C	TSA166
1	11	5	YOR151C	TSA693
1	11	6	YKL024C	TSA1031
1	11	7	YGR140W	TSA221
1	11	8	YGL075C	TSA444
1	11	9	YFL034C-B	TSA813
1	11	10	YOR085W	DMA4524
1	11	11	YBL026W	TSA1065
1	11	12	YPR070W	DMA5068
1	11	13	YJR006W	TSA794
1	11	14	YOR259C	TSA263
1	11	15	YNL138W	TSA800
1	11	16	YFL039C	TSA215
1	11	17	YLR367W	DMA3402
1	11	18	YFL039C	TSA141
1	11	19	YER083C	DMA1389
1	11	20	YOR181W	TSA912
1	11	21	YLR397C	TSA266
1	11	22	YGL116W	TSA368
1	11	23	YDR235W	TSA1085
1	11	24	YMR271C	DMA3865
1	12	1	YMR271C	DMA3865
1	12	2	YCL061C	DMA522
1	12	3	YGL045W	DMA1630
1	12	4	YBR079C	TSA990
1	12	5	YBR155W	TSA567
1	12	6	YOL038W	TSA1153
1	12	7	YBL034C	TSA822
1	12	8	YDR238C	TSA722
1	12	9	YLR186W	TSA1141
1	12	10	YML041C	DMA3546
1	12	11	YDR002W	TSA582
1	12	12	YDR196C	TSA890
1	12	13	YJL039C	TSA496
1	12	14	YCL059C	TSA326
1	12	15	YLL031C	TSA197
1	12	16	YER018C	TSA473
1	12	17	YIL118W	TSA654
1	12	18	YGR009C	TSA57
1	12	19	YKL021C	TSA1097
1	12	20	YDR361C	TSA580
1	12	21	YKL203C	TSA398
1	12	22	YFL039C	TSA214
1	12	23	YKL112W	TSA335
1	12	24	YMR271C	DMA3865
1	13	1	YMR271C	DMA3865
1	13	2	YBL093C	TSA1015
1	13	3	YOR174W	TSA738
1	13	4	YLR378C	TSA213
1	13	5	YPL209C	TSA165
1	13	6	YKL144C	TSA1124
1	13	7	YBR079C	TSA1060
1	13	8	YKL032C	DMA2770
1	13	9	YDL090C	TSA327
1	13	10	YDL102W	TSA17
1	13	11	YGR135W	DMA1892
1	13	12	YOL001W	DMA4274
1	13	13	YLR298C	TSA844
1	13	14	YDL102W	TSA406
1	13	15	YLR321C	TSA952
1	13	16	YNL061W	TSA630
1	13	17	YGR005C	TSA1137
1	13	18	YDR141C	TSA854
1	13	19	YLR440C	TSA726
1	13	20	YGR113W	TSA245
1	13	21	YBR234C	TSA1070
1	13	22	YCL061C	DMA522
1	13	23	YOR149C	TSA204
1	13	24	YMR271C	DMA3865
1	14	1	YMR271C	DMA3865
1	14	2	YML064C	TSA225
1	14	3	YMR076C	TSA983
1	14	4	YNL216W	TSA558
1	14	5	YER006W	TSA786
1	14	6	YPL020C	TSA566
1	14	7	YGR091W	TSA472
1	14	8	YPR033C	TSA945
1	14	9	YPR023C	DMA5033
1	14	10	YOR244W	TSA560
1	14	11	YBR198C	TSA512
1	14	12	YDR246W	TSA1220
1	14	13	YDL014W	TSA803
1	14	14	YPL055C	DMA4805
1	14	15	YDL014W	TSA128
1	14	16	YOR014W	DMA4431
1	14	17	YNR035C	TSA471
1	14	18	YEL055C	TSA594
1	14	19	YFL039C	TSA137
1	14	20	YPR161C	TSA1028
1	14	21	YOR196C	DMA4586
1	14	22	YOR341W	TSA530
1	14	23	YLR347C	TSA226
1	14	24	YMR271C	DMA3865
1	15	1	YMR271C	DMA3865
1	15	2	YGL120C	TSA607
1	15	3	YDR054C	TSA92
1	15	4	YER013W	TSA237
1	15	5	YOL069W	TSA1154
1	15	6	YDR062W	TSA575
1	15	7	YKR037C	TSA857
1	15	8	YOR004W	TSA1057
1	15	9	YNL102W	TSA344
1	15	10	YFL017C	TSA1244
1	15	11	YMR197C	TSA635
1	15	12	YOL130W	TSA1271
1	15	13	YDL126C	TSA826
1	15	14	YCR002C	TSA899
1	15	15	YGR277C	TSA1205
1	15	16	YDR062W	TSA586
1	15	17	YAL041W	TSA408
1	15	18	YDL045C	TSA1116
1	15	19	YDR292C	TSA733
1	15	20	YER171W	TSA588
1	15	21	YML103C	DMA3612
1	15	22	YDR240C	TSA1235
1	15	23	YGL075C	TSA443
1	15	24	YMR271C	DMA3865
1	16	1	YMR271C	DMA3865
1	16	2	YMR271C	DMA3865
1	16	3	YMR271C	DMA3865
1	16	4	YMR271C	DMA3865
1	16	5	YMR271C	DMA3865
1	16	6	YMR271C	DMA3865
1	16	7	YMR271C	DMA3865
1	16	8	YMR271C	DMA3865
1	16	9	YMR271C	DMA3865
1	16	10	YMR271C	DMA3865
1	16	11	YMR271C	DMA3865
1	16	12	YMR271C	DMA3865
1	16	13	YMR271C	DMA3865
1	16	14	YMR271C	DMA3865
1	16	15	YMR271C	DMA3865
1	16	16	YMR271C	DMA3865
1	16	17	YMR271C	DMA3865
1	16	18	YMR271C	DMA3865
1	16	19	YMR271C	DMA3865
1	16	20	YMR271C	DMA3865
1	16	21	YMR271C	DMA3865
1	16	22	YMR271C	DMA3865
1	16	23	YMR271C	DMA3865
1	16	24	YMR271C	DMA3865
2	1	1	YMR271C	DMA3865
2	1	2	YMR271C	DMA3865
2	1	3	YMR271C	DMA3865
2	1	4	YMR271C	DMA3865
2	1	5	YMR271C	DMA3865
2	1	6	YMR271C	DMA3865
2	1	7	YMR271C	DMA3865
2	1	8	YMR271C	DMA3865
2	1	9	YMR271C	DMA3865
2	1	10	YMR271C	DMA3865
2	1	11	YMR271C	DMA3865
2	1	12	YMR271C	DMA3865
2	1	13	YMR271C	DMA3865
2	1	14	YMR271C	DMA3865
2	1	15	YMR271C	DMA3865
2	1	16	YMR271C	DMA3865
2	1	17	YMR271C	DMA3865
2	1	18	YMR271C	DMA3865
2	1	19	YMR271C	DMA3865
2	1	20	YMR271C	DMA3865
2	1	21	YMR271C	DMA3865
2	1	22	YMR271C	DMA3865
2	1	23	YMR271C	DMA3865
2	1	24	YMR271C	DMA3865
2	2	1	YMR271C	DMA3865
2	2	2	YEL034W	TSA750
2	2	3	YMR154C	DMA3750
2	2	4	YBR253W	TSA1068
2	2	5	YDL220C	TSA881
2	2	6	YGR113W	TSA240
2	2	7	YBR082C	DMA245
2	2	8	YBR070C	TSA1061
2	2	9	YKL074C	DMA2820
2	2	10	YDR303C	TSA503
2	2	11	YNL079C	DMA3988
2	2	12	YPL101W	DMA4843
2	2	13	YFL039C	TSA904
2	2	14	YHR122W	TSA1208
2	2	15	YNL102W	TSA897
2	2	16	YLR078C	TSA199
2	2	17	YOR149C	TSA849
2	2	18	YFL009W	TSA878
2	2	19	YAR019C	TSA882
2	2	20	YPR055W	TSA364
2	2	21	YFL013C	DMA5282
2	2	22	YJR065C	TSA297
2	2	23	YGR092W	DMA1850
2	2	24	YMR271C	DMA3865
2	3	1	YMR271C	DMA3865
2	3	2	YFL039C	TSA72
2	3	3	YFL034C-B	TSA939
2	3	4	YDR060W	TSA250
2	3	5	YLR100W	TSA1172
2	3	6	YML065W	TSA1170
2	3	7	YLL031C	TSA959
2	3	8	YNL061W	TSA627
2	3	9	YKL189W	TSA892
2	3	10	YNL262W	TSA20
2	3	11	YLR045C	TSA545
2	3	12	YGR099W	TSA604
2	3	13	YFR031C	TSA522
2	3	14	YGL022W	TSA544
2	3	15	YBL050W	TSA45
2	3	16	YDL213C	DMA796
2	3	17	YOL034W	TSA727
2	3	18	YHR052W	TSA713
2	3	19	YDL105W	TSA993
2	3	20	YHR166C	TSA87
2	3	21	YGL092W	TSA977
2	3	22	YPR133C	TSA1011
2	3	23	YDR158W	DMA938
2	3	24	YMR271C	DMA3865
2	4	1	YMR271C	DMA3865
2	4	2	YDL207W	TSA919
2	4	3	YOR181W	TSA924
2	4	4	YOR257W	TSA151
2	4	5	YML001W	DMA3511
2	4	6	YLR418C	DMA3477
2	4	7	YGL145W	TSA271
2	4	8	YGL115W	DMA1678
2	4	9	YEL055C	TSA595
2	4	10	YDR437W	TSA1014
2	4	11	YDL105W	TSA992
2	4	12	YFR004W	TSA521
2	4	13	YJL085W	TSA848
2	4	14	YDL008W	TSA783
2	4	15	YJL035C	TSA1099
2	4	16	YDR087C	TSA181
2	4	17	YBR109C	TSA157
2	4	18	YDR189W	TSA251
2	4	19	YNL002C	TSA1159
2	4	20	YKL089W	TSA113
2	4	21	YNL153C	DMA4055
2	4	22	YPL057C	DMA4803
2	4	23	YOR075W	TSA212
2	4	24	YMR271C	DMA3865
2	5	1	YMR271C	DMA3865
2	5	2	YGR211W	TSA547
2	5	3	YDR196C	TSA1204
2	5	4	YDL017W	TSA131
2	5	5	YAL011W	DMA17
2	5	6	YHR036W	TSA1041
2	5	7	YFL034C-B	TSA610
2	5	8	YLR212C	TSA717
2	5	9	YJR074W	DMA2663
2	5	10	YPR175W	TSA349
2	5	11	YLR005W	TSA1132
2	5	12	YHR085W	TSA1217
2	5	13	YAR019C	TSA821
2	5	14	YDR145W	TSA515
2	5	15	YBR211C	TSA716
2	5	16	YGR264C	TSA35
2	5	17	YFL009W	TSA334
2	5	18	YDR245W	DMA1003
2	5	19	YBR142W	TSA1109
2	5	20	YKL069W	DMA2802
2	5	21	YDR156W	DMA940
2	5	22	YIR012W	TSA617
2	5	23	YPR103W	TSA917
2	5	24	YMR271C	DMA3865
2	6	1	YMR271C	DMA3865
2	6	2	YDL143W	TSA729
2	6	3	YKR092C	DMA3002
2	6	4	YKR002W	TSA194
2	6	5	YEL034W	TSA749
2	6	6	YBL041W	TSA1064
2	6	7	YDR460W	TSA951
2	6	8	YNL075W	TSA556
2	6	9	YDL111C	TSA1091
2	6	10	YMR296C	TSA600
2	6	11	YNL102W	TSA343
2	6	12	YIL021W	TSA615
2	6	13	YLL004W	TSA351
2	6	14	YJR112W	TSA440
2	6	15	YHR012W	DMA2078
2	6	16	YFL039C	TSA136
2	6	17	YOR322C	DMA4720
2	6	18	YHR024C	TSA526
2	6	19	YNL126W	TSA1187
2	6	20	YIL109C	TSA189
2	6	21	YIL150C	TSA458
2	6	22	YNL006W	TSA467
2	6	23	YJR043C	DMA2634
2	6	24	YMR271C	DMA3865
2	7	1	YMR271C	DMA3865
2	7	2	YHR170W	TSA605
2	7	3	YPR178W	TSA500
2	7	4	YKL049C	TSA347
2	7	5	YGL130W	TSA94
2	7	6	YDR083W	DMA882
2	7	7	YKL042W	TSA449
2	7	8	YPL211W	TSA114
2	7	9	YDL102W	TSA135
2	7	10	YKR099W	DMA3018
2	7	11	BLANK	
2	7	12	YDR013W	TSA583
2	7	13	YDL165W	TSA314
2	7	14	YGR229C	DMA1990
2	7	15	YHR178W	DMA2213
2	7	16	YGR048W	TSA677
2	7	17	YOR260W	TSA1200
2	7	18	YHR036W	TSA1039
2	7	19	YIL061C	TSA1257
2	7	20	YFL039C	TSA142
2	7	21	YFR036W	TSA88
2	7	22	YML069W	TSA629
2	7	23	YNL067W	DMA3975
2	7	24	YMR271C	DMA3865
2	8	1	YMR271C	DMA3865
2	8	2	YML049C	TSA982
2	8	3	YER116C	DMA1413
2	8	4	YOL069W	TSA755
2	8	5	YML023C	TSA1007
2	8	6	YPL190C	TSA861
2	8	7	YDR127W	DMA916
2	8	8	YFL039C	TSA911
2	8	9	YJR073C	DMA2664
2	8	10	YKL154W	TSA731
2	8	11	YKL028W	TSA699
2	8	12	YDL003W	TSA70
2	8	13	YOR254C	TSA231
2	8	14	YHR034C	DMA2108
2	8	15	YOL144W	TSA1025
2	8	16	YDR243C	TSA574
2	8	17	YOL135C	TSA739
2	8	18	YER083C	DMA1389
2	8	19	YPL160W	TSA922
2	8	20	YHR111W	DMA2155
2	8	21	YLR440C	TSA725
2	8	22	YPR103W	TSA918
2	8	23	YGL066W	DMA1654
2	8	24	YMR271C	DMA3865
2	9	1	YMR271C	DMA3865
2	9	2	YER092W	DMA1381
2	9	3	YNL062C	TSA442
2	9	4	YDL193W	TSA1223
2	9	5	YJR017C	TSA698
2	9	6	YLR436C	DMA3485
2	9	7	YOR157C	TSA268
2	9	8	YDL132W	TSA975
2	9	9	YPR161C	TSA1251
2	9	10	YNR051C	DMA4271
2	9	11	YIL118W	TSA836
2	9	12	YPR094W	TSA1049
2	9	13	YGL097W	TSA955
2	9	14	YNL021W	DMA3925
2	9	15	YFL008W	TSA68
2	9	16	YIL062C	TSA888
2	9	17	YMR277W	TSA426
2	9	18	YBR193C	TSA741
2	9	19	YDL195W	TSA852
2	9	20	YBR247C	TSA542
2	9	21	YLR459W	TSA201
2	9	22	YML015C	TSA645
2	9	23	YOR123C	DMA4542
2	9	24	YMR271C	DMA3865
2	10	1	YMR271C	DMA3865
2	10	2	YJL072C	TSA1228
2	10	3	YLR268W	TSA121
2	10	4	YOR046C	TSA641
2	10	5	YLR298C	TSA842
2	10	6	YNL181W	TSA1213
2	10	7	YLL036C	TSA247
2	10	8	YER125W	TSA465
2	10	9	YJL001W	TSA292
2	10	10	YML121W	DMA3622
2	10	11	YGR158C	TSA614
2	10	12	YMR200W	TSA1103
2	10	13	YNL263C	TSA16
2	10	14	YMR296C	TSA606
2	10	15	YHR027C	TSA255
2	10	16	YLL035W	TSA1167
2	10	17	YDR167W	TSA957
2	10	18	YFL037W	TSA254
2	10	19	YIL046W	TSA948
2	10	20	YJL019W	TSA929
2	10	21	YPL063W	TSA1189
2	10	22	YJL090C	TSA302
2	10	23	YLR007W	TSA1044
2	10	24	YMR271C	DMA3865
2	11	1	YMR271C	DMA3865
2	11	2	YPR108W	TSA1037
2	11	3	YOR035C	DMA4457
2	11	4	YGL022W	TSA551
2	11	5	YPL204W	TSA1196
2	11	6	YGL061C	TSA239
2	11	7	YLR314C	TSA130
2	11	8	YGR013W	TSA1121
2	11	9	YLR298C	TSA633
2	11	10	YJL002C	TSA735
2	11	11	YDR362C	TSA784
2	11	12	YBR254C	TSA1174
2	11	13	YPL175W	TSA474
2	11	14	YBL034C	TSA454
2	11	15	YFR005C	TSA700
2	11	16	YMR213W	TSA702
2	11	17	YDR373W	TSA399
2	11	18	YMR049C	TSA1102
2	11	19	YFL034C-B	TSA935
2	11	20	YDR054C	TSA308
2	11	21	YJR068W	TSA342
2	11	22	YKL172W	TSA529
2	11	23	YFL034C-B	TSA787
2	11	24	YMR271C	DMA3865
2	12	1	YMR271C	DMA3865
2	12	2	YJR007W	TSA1252
2	12	3	YLR314C	TSA885
2	12	4	YPL043W	TSA660
2	12	5	YCR002C	TSA78
2	12	6	YDR180W	TSA66
2	12	7	YPL217C	TSA678
2	12	8	YIL150C	TSA110
2	12	9	YJR141W	TSA1248
2	12	10	YGL048C	TSA906
2	12	11	YAL025C	TSA1066
2	12	12	YOR294W	TSA688
2	12	13	YML069W	TSA847
2	12	14	YFL039C	TSA789
2	12	15	YBL105C	TSA537
2	12	16	YMR235C	TSA118
2	12	17	YKL078W	TSA1192
2	12	18	YNL207W	TSA267
2	12	19	YKL004W	TSA1263
2	12	20	YBR167C	TSA1074
2	12	21	YNR038W	TSA1165
2	12	22	YHR188C	TSA1166
2	12	23	YIL084C	DMA2337
2	12	24	YMR271C	DMA3865
2	13	1	YMR271C	DMA3865
2	13	2	YPR086W	TSA832
2	13	3	YER012W	TSA289
2	13	4	YMR078C	DMA3676
2	13	5	YGL044C	TSA652
2	13	6	YFL001W	DMA5289
2	13	7	YDL064W	TSA370
2	13	8	YGL174W	DMA1707
2	13	9	YDL148C	TSA1234
2	13	10	YBR153W	TSA1073
2	13	11	YDL103C	TSA859
2	13	12	YHR186C	TSA291
2	13	13	YMR094W	TSA59
2	13	14	YDR212W	TSA782
2	13	15	YGR094W	TSA1241
2	13	16	YJR112W	TSA438
2	13	17	YLR212C	TSA718
2	13	18	YER093C	TSA659
2	13	19	YGR116W	TSA834
2	13	20	YDR123C	DMA920
2	13	21	YPR103W	TSA921
2	13	22	YBR135W	TSA923
2	13	23	YGR092W	TSA160
2	13	24	YMR271C	DMA3865
2	14	1	YMR271C	DMA3865
2	14	2	YBL074C	TSA1108
2	14	3	YLR457C	TSA222
2	14	4	YDR311W	TSA715
2	14	5	YGL055W	TSA506
2	14	6	YHR118C	TSA1136
2	14	7	YMR005W	TSA942
2	14	8	YKL006C-A	TSA619
2	14	9	YMR239C	TSA674
2	14	10	YPL124W	TSA707
2	14	11	YLR249W	TSA584
2	14	12	YDR331W	TSA1230
2	14	13	YFL034C-B	TSA936
2	14	14	YNL182C	TSA1193
2	14	15	YHR129C	DMA2165
2	14	16	YJL174W	TSA1267
2	14	17	YKL208W	DMA2913
2	14	18	YMR220W	TSA320
2	14	19	YGR195W	TSA1126
2	14	20	YDR081C	TSA1239
2	14	21	YMR033W	TSA495
2	14	22	YER008C	TSA43
2	14	23	YMR123W	DMA3715
2	14	24	YMR271C	DMA3865
2	15	1	YMR271C	DMA3865
2	15	2	YDR170C	TSA44
2	15	3	YHR030C	DMA2112
2	15	4	YMR001C	TSA879
2	15	5	YDR182W	TSA31
2	15	6	YJR054W	DMA2649
2	15	7	YHR083W	TSA493
2	15	8	YJR072C	TSA1224
2	15	9	YDR088C	TSA657
2	15	10	YPR181C	TSA900
2	15	11	YER168C	TSA958
2	15	12	YDR201W	TSA1122
2	15	13	YDR478W	TSA1184
2	15	14	YOR057W	TSA427
2	15	15	YPR034W	TSA930
2	15	16	YKL024C	TSA1034
2	15	17	YLR197W	TSA1140
2	15	18	YDR145W	TSA517
2	15	19	YMR075W	DMA3677
2	15	20	YCR002C	TSA79
2	15	21	YDL030W	TSA597
2	15	22	YML077W	TSA1131
2	15	23	YDL147W	TSA1080
2	15	24	YMR271C	DMA3865
2	16	1	YMR271C	DMA3865
2	16	2	YMR271C	DMA3865
2	16	3	YMR271C	DMA3865
2	16	4	YMR271C	DMA3865
2	16	5	YMR271C	DMA3865
2	16	6	YMR271C	DMA3865
2	16	7	YMR271C	DMA3865
2	16	8	YMR271C	DMA3865
2	16	9	YMR271C	DMA3865
2	16	10	YMR271C	DMA3865
2	16	11	YMR271C	DMA3865
2	16	12	YMR271C	DMA3865
2	16	13	YMR271C	DMA3865
2	16	14	YMR271C	DMA3865
2	16	15	YMR271C	DMA3865
2	16	16	YMR271C	DMA3865
2	16	17	YMR271C	DMA3865
2	16	18	YMR271C	DMA3865
2	16	19	YMR271C	DMA3865
2	16	20	YMR271C	DMA3865
2	16	21	YMR271C	DMA3865
2	16	22	YMR271C	DMA3865
2	16	23	YMR271C	DMA3865
2	16	24	YMR271C	DMA3865
3	1	1	YMR271C	DMA3865
3	1	2	YMR271C	DMA3865
3	1	3	YMR271C	DMA3865
3	1	4	YMR271C	DMA3865
3	1	5	YMR271C	DMA3865
3	1	6	YMR271C	DMA3865
3	1	7	YMR271C	DMA3865
3	1	8	YMR271C	DMA3865
3	1	9	YMR271C	DMA3865
3	1	10	YMR271C	DMA3865
3	1	11	YMR271C	DMA3865
3	1	12	YMR271C	DMA3865
3	1	13	YMR271C	DMA3865
3	1	14	YMR271C	DMA3865
3	1	15	YMR271C	DMA3865
3	1	16	YMR271C	DMA3865
3	1	17	YMR271C	DMA3865
3	1	18	YMR271C	DMA3865
3	1	19	YMR271C	DMA3865
3	1	20	YMR271C	DMA3865
3	1	21	YMR271C	DMA3865
3	1	22	YMR271C	DMA3865
3	1	23	YMR271C	DMA3865
3	1	24	YMR271C	DMA3865
3	2	1	YMR271C	DMA3865
3	2	2	YBL040C	TSA1072
3	2	3	YLR298C	TSA840
3	2	4	YGL065C	TSA461
3	2	5	YDR310C	DMA1063
3	2	6	YER168C	TSA1114
3	2	7	YML128C	DMA3618
3	2	8	YER023W	TSA1082
3	2	9	YLR008C	TSA501
3	2	10	YGR113W	TSA243
3	2	11	YDR437W	TSA1179
3	2	12	YKL210W	TSA191
3	2	13	YDL207W	TSA920
3	2	14	YDL017W	TSA880
3	2	15	YGR047C	TSA1240
3	2	16	YBR196C	TSA91
3	2	17	YPL255W	TSA864
3	2	18	YJR076C	TSA84
3	2	19	YNL163C	TSA1055
3	2	20	YIL004C	TSA792
3	2	21	YIL008W	DMA2255
3	2	22	YKL018W	TSA173
3	2	23	YMR134W	TSA1209
3	2	24	YMR271C	DMA3865
3	3	1	YMR271C	DMA3865
3	3	2	YDR208W	TSA129
3	3	3	YMR235C	TSA172
3	3	4	YJL047C	DMA2463
3	3	5	YJR139C	DMA2730
3	3	6	YER003C	TSA1081
3	3	7	YBR164C	DMA318
3	3	8	YJL011C	TSA1270
3	3	9	YPR018W	DMA5036
3	3	10	YPR088C	TSA1233
3	3	11	YLR298C	TSA647
3	3	12	YGL155W	TSA333
3	3	13	YMR224C	DMA3806
3	3	14	YMR263W	DMA3870
3	3	15	YLR105C	TSA676
3	3	16	YER161C	DMA1464
3	3	17	YPR103W	TSA915
3	3	18	YDL126C	TSA208
3	3	19	YCL004W	TSA1260
3	3	20	YER136W	TSA64
3	3	21	YGL048C	TSA186
3	3	22	YDR449C	TSA1255
3	3	23	YOR194C	TSA1185
3	3	24	YMR271C	DMA3865
3	4	1	YMR271C	DMA3865
3	4	2	YFL008W	TSA321
3	4	3	YKL197C	DMA2900
3	4	4	YHR036W	TSA1038
3	4	5	YOR275C	DMA4677
3	4	6	YDR166C	TSA51
3	4	7	YKL112W	TSA319
3	4	8	YCL061C	DMA522
3	4	9	YNR017W	TSA1168
3	4	10	YKL125W	TSA527
3	4	11	YOR181W	TSA230
3	4	12	YLR319C	DMA3370
3	4	13	YBL084C	TSA90
3	4	14	YLL050C	TSA234
3	4	15	YFL039C	TSA910
3	4	16	YGR092W	TSA158
3	4	17	YPL128C	TSA1199
3	4	18	YPL028W	TSA531
3	4	19	YNL061W	TSA624
3	4	20	YMR268C	TSA402
3	4	21	YIL046W	TSA947
3	4	22	YOR326W	TSA337
3	4	23	YDL103C	TSA1093
3	4	24	YMR271C	DMA3865
3	5	1	YMR271C	DMA3865
3	5	2	YOL123W	TSA960
3	5	3	YLR310C	TSA29
3	5	4	YOR329C	TSA569
3	5	5	YNL216W	TSA559
3	5	6	YLR291C	TSA1149
3	5	7	YGL130W	TSA358
3	5	8	YGL022W	TSA790
3	5	9	YLR186W	TSA1020
3	5	10	YPR082C	TSA1237
3	5	11	YBR152W	TSA1075
3	5	12	YBL076C	TSA275
3	5	13	YIR010W	TSA436
3	5	14	YDR113C	TSA862
3	5	15	YBR011C	TSA1062
3	5	16	YDR091C	TSA1127
3	5	17	YOR244W	TSA565
3	5	18	YJR006W	TSA1163
3	5	19	YDL008W	TSA719
3	5	20	YJR093C	TSA827
3	5	21	YMR229C	TSA1051
3	5	22	YDL192W	DMA784
3	5	23	YHR066W	DMA2113
3	5	24	YMR271C	DMA3865
3	6	1	YMR271C	DMA3865
3	6	2	YLR087C	DMA3192
3	6	3	YOR244W	TSA563
3	6	4	YDR288W	TSA995
3	6	5	YHR030C	DMA2112
3	6	6	YGL091C	TSA1120
3	6	7	YML023C	TSA1006
3	6	8	YBL035C	TSA365
3	6	9	YPR025C	TSA77
3	6	10	YKR083C	TSA425
3	6	11	YDR228C	TSA685
3	6	12	YGR274C	TSA524
3	6	13	YBL023C	TSA111
3	6	14	YPL094C	TSA224
3	6	15	YLR045C	TSA550
3	6	16	YDR531W	TSA1225
3	6	17	YDR052C	TSA164
3	6	18	YGR113W	TSA244
3	6	19	YOL123W	TSA858
3	6	20	YMR043W	TSA1134
3	6	21	YMR093W	TSA1246
3	6	22	YDL108W	TSA109
3	6	23	YJR065C	TSA894
3	6	24	YMR271C	DMA3865
3	7	1	YMR271C	DMA3865
3	7	2	YGR113W	TSA242
3	7	3	YGR185C	TSA290
3	7	4	YJR065C	TSA298
3	7	5	YFR028C	TSA926
3	7	6	YOR143C	TSA1173
3	7	7	YPR110C	TSA642
3	7	8	YBR055C	TSA367
3	7	9	YLR086W	TSA264
3	7	10	YBL105C	TSA539
3	7	11	YKR086W	TSA644
3	7	12	YDL147W	TSA1036
3	7	13	YHR058C	TSA1053
3	7	14	YDR478W	TSA712
3	7	15	YNL118C	TSA754
3	7	16	YDL105W	TSA1226
3	7	17	YBL105C	TSA538
3	7	18	YLR045C	TSA549
3	7	19	YLR191W	DMA3258
3	7	20	YER009W	TSA252
3	7	21	YER009W	TSA1115
3	7	22	YJR057W	TSA407
3	7	23	YPR060C	DMA5054
3	7	24	YMR271C	DMA3865
3	8	1	YMR271C	DMA3865
3	8	2	YGR034W	DMA1803
3	8	3	YER157W	TSA47
3	8	4	YHR196W	TSA1135
3	8	5	YBR131W	DMA294
3	8	6	YNL272C	TSA56
3	8	7	YLR298C	TSA632
3	8	8	YGR099W	TSA938
3	8	9	YNL287W	TSA46
3	8	10	YIR005W	DMA2423
3	8	11	YNL267W	TSA115
3	8	12	YDL209C	TSA1052
3	8	13	YML127W	TSA1160
3	8	14	YHR191C	TSA322
3	8	15	YKL203C	TSA838
3	8	16	YBR154C	TSA825
3	8	17	YDR228C	TSA679
3	8	18	YBR198C	TSA509
3	8	19	YPL233W	TSA450
3	8	20	YKL193C	TSA572
3	8	21	YPL076W	TSA462
3	8	22	YDL140C	TSA804
3	8	23	YLR103C	TSA694
3	8	24	YMR271C	DMA3865
3	9	1	YMR271C	DMA3865
3	9	2	YHR058C	TSA1017
3	9	3	YFL039C	TSA218
3	9	4	YER125W	TSA182
3	9	5	YAL041W	TSA410
3	9	6	YFR004W	TSA534
3	9	7	YDR288W	TSA994
3	9	8	YPR183W	TSA330
3	9	9	YBR057C	DMA218
3	9	10	YBR265W	TSA543
3	9	11	YAL041W	TSA412
3	9	12	YMR281W	TSA1162
3	9	13	YBR029C	TSA1063
3	9	14	YLR229C	TSA26
3	9	15	YGR179C	TSA227
3	9	16	YLR066W	TSA623
3	9	17	YOR030W	DMA4462
3	9	18	YPL101W	DMA4843
3	9	19	YLR119W	DMA3215
3	9	20	YDR052C	TSA95
3	9	21	YGR216C	TSA548
3	9	22	YNL061W	TSA941
3	9	23	YFL031W	DMA1495
3	9	24	YMR271C	DMA3865
3	10	1	YMR271C	DMA3865
3	10	2	YEL034W	TSA736
3	10	3	YDL033C	DMA630
3	10	4	YHR164C	TSA352
3	10	5	YGL142C	TSA1133
3	10	6	YLR218C	DMA3287
3	10	7	YMR198W	DMA3800
3	10	8	YCL032W	DMA498
3	10	9	YNR053C	TSA479
3	10	10	YJR064W	TSA1254
3	10	11	YER147C	TSA1259
3	10	12	YIL106W	TSA1258
3	10	13	YOR326W	TSA269
3	10	14	YDR064W	TSA1111
3	10	15	BLANK	
3	10	16	YOR249C	TSA745
3	10	17	YBR055C	TSA455
3	10	18	YOR048C	TSA914
3	10	19	YFL039C	TSA140
3	10	20	YGR122W	DMA5189
3	10	21	YFL022C	TSA1083
3	10	22	YJL074C	TSA71
3	10	23	YNL064C	DMA3979
3	10	24	YMR271C	DMA3865
3	11	1	YMR271C	DMA3865
3	11	2	YLR116W	TSA855
3	11	3	YIR008C	TSA340
3	11	4	YHR019C	TSA1117
3	11	5	YFL034C-B	TSA814
3	11	6	YEL034W	TSA737
3	11	7	YPR168W	TSA818
3	11	8	YNL038W	TSA1157
3	11	9	YDR118W	TSA1088
3	11	10	YOR089C	DMA4520
3	11	11	YDR496C	DMA1201
3	11	12	YGL093W	TSA446
3	11	13	YNL102W	TSA362
3	11	14	YOR168W	TSA1198
3	11	15	YDR437W	TSA1012
3	11	16	YLR196W	TSA1142
3	11	17	YHR030C	DMA2112
3	11	18	YPL007C	TSA1201
3	11	19	YJR045C	TSA328
3	11	20	YGL001C	TSA742
3	11	21	YKL165C	TSA795
3	11	22	YLR195C	TSA690
3	11	23	YOR236W	TSA884
3	11	24	YMR271C	DMA3865
3	12	1	YMR271C	DMA3865
3	12	2	YBR198C	TSA513
3	12	3	YDR212W	TSA448
3	12	4	YLR459W	TSA202
3	12	5	YJL050W	TSA431
3	12	6	YGL116W	TSA417
3	12	7	YMR112C	TSA799
3	12	8	YPL228W	TSA420
3	12	9	YGL137W	TSA546
3	12	10	YNL102W	TSA346
3	12	11	YML010W	TSA833
3	12	12	YKL052C	TSA1003
3	12	13	YDR392W	DMA1125
3	12	14	YDR145W	TSA806
3	12	15	YEL002C	TSA590
3	12	16	YKL113C	DMA2839
3	12	17	YOL077C	TSA1171
3	12	18	YLR316C	TSA1150
3	12	19	YKL196C	TSA1089
3	12	20	YDR238C	TSA721
3	12	21	YAR007C	TSA273
3	12	22	YFL034C-B	TSA940
3	12	23	YLR440C	TSA1214
3	12	24	YMR271C	DMA3865
3	13	1	YMR271C	DMA3865
3	13	2	YBR221C	DMA364
3	13	3	YOR341W	TSA532
3	13	4	YBR175W	DMA332
3	13	5	YFL039C	TSA138
3	13	6	YIR006C	TSA353
3	13	7	YGL130W	TSA355
3	13	8	YDR328C	TSA809
3	13	9	YGL011C	TSA1084
3	13	10	YIL040W	DMA2275
3	13	11	YLR274W	TSA403
3	13	12	YHR200W	DMA2222
3	13	13	YDR126W	DMA917
3	13	14	YOL139C	TSA306
3	13	15	YMR028W	TSA697
3	13	16	YJR112W	TSA439
3	13	17	YDR045C	TSA1078
3	13	18	YOR232W	TSA505
3	13	19	YKL173W	TSA621
3	13	20	YFR028C	TSA146
3	13	21	YHR088W	TSA1095
3	13	22	YDR164C	TSA36
3	13	23	YDL217C	TSA714
3	13	24	YMR271C	DMA3865
3	14	1	YMR271C	DMA3865
3	14	2	YNL267W	TSA116
3	14	3	YBR060C	TSA331
3	14	4	YOR122C	TSA429
3	14	5	YAL038W	TSA34
3	14	6	YGL098W	TSA592
3	14	7	YFL017C	TSA1048
3	14	8	YGL073W	TSA423
3	14	9	YBL034C	TSA950
3	14	10	YDR228C	TSA680
3	14	11	YLR305C	TSA123
3	14	12	YNL091W	DMA4002
3	14	13	YKR068C	TSA1090
3	14	14	YBR058C-A	TSA571
3	14	15	YPR191W	DMA5152
3	14	16	YDR188W	TSA1016
3	14	17	YER094C	TSA1138
3	14	18	YGL112C	TSA608
3	14	19	YIL126W	TSA507
3	14	20	YDR510W	TSA928
3	14	21	YFL038C	TSA591
3	14	22	YOR122C	TSA232
3	14	23	YEL002C	TSA581
3	14	24	YMR271C	DMA3865
3	15	1	YMR271C	DMA3865
3	15	2	YOR249C	TSA746
3	15	3	YBR154C	TSA1110
3	15	4	YDR404C	TSA1268
3	15	5	YPL124W	TSA706
3	15	6	YDR004W	DMA838
3	15	7	YOL102C	TSA1264
3	15	8	YML081C-A	DMA3578
3	15	9	YML023C	TSA1005
3	15	10	YDL084W	TSA976
3	15	11	YKR081C	TSA1098
3	15	12	YLR029C	TSA1253
3	15	13	YIL026C	TSA67
3	15	14	YML130C	TSA203
3	15	15	YOL123W	TSA943
3	15	16	YBL034C	TSA274
3	15	17	YBR143C	TSA933
3	15	18	YGR278W	TSA1092
3	15	19	YBR118W	DMA5254
3	15	20	YDR228C	TSA808
3	15	21	YKR062W	TSA692
3	15	22	YFL034C-B	TSA612
3	15	23	YER093C	TSA658
3	15	24	YMR271C	DMA3865
3	16	1	YMR271C	DMA3865
3	16	2	YMR271C	DMA3865
3	16	3	YMR271C	DMA3865
3	16	4	YMR271C	DMA3865
3	16	5	YMR271C	DMA3865
3	16	6	YMR271C	DMA3865
3	16	7	YMR271C	DMA3865
3	16	8	YMR271C	DMA3865
3	16	9	YMR271C	DMA3865
3	16	10	YMR271C	DMA3865
3	16	11	YMR271C	DMA3865
3	16	12	YMR271C	DMA3865
3	16	13	YMR271C	DMA3865
3	16	14	YMR271C	DMA3865
3	16	15	YMR271C	DMA3865
3	16	16	YMR271C	DMA3865
3	16	17	YMR271C	DMA3865
3	16	18	YMR271C	DMA3865
3	16	19	YMR271C	DMA3865
3	16	20	YMR271C	DMA3865
3	16	21	YMR271C	DMA3865
3	16	22	YMR271C	DMA3865
3	16	23	YMR271C	DMA3865
3	16	24	YMR271C	DMA3865
4	1	1	YMR271C	DMA3865
4	1	2	YMR271C	DMA3865
4	1	3	YMR271C	DMA3865
4	1	4	YMR271C	DMA3865
4	1	5	YMR271C	DMA3865
4	1	6	YMR271C	DMA3865
4	1	7	YMR271C	DMA3865
4	1	8	YMR271C	DMA3865
4	1	9	YMR271C	DMA3865
4	1	10	YMR271C	DMA3865
4	1	11	YMR271C	DMA3865
4	1	12	YMR271C	DMA3865
4	1	13	YMR271C	DMA3865
4	1	14	YMR271C	DMA3865
4	1	15	YMR271C	DMA3865
4	1	16	YMR271C	DMA3865
4	1	17	YMR271C	DMA3865
4	1	18	YMR271C	DMA3865
4	1	19	YMR271C	DMA3865
4	1	20	YMR271C	DMA3865
4	1	21	YMR271C	DMA3865
4	1	22	YMR271C	DMA3865
4	1	23	YMR271C	DMA3865
4	1	24	YMR271C	DMA3865
4	2	1	YMR271C	DMA3865
4	2	2	YFL034C-B	TSA788
4	2	3	YPR019W	TSA1203
4	2	4	YIR022W	TSA318
4	2	5	YLR032W	DMA3127
4	2	6	YJL136C	DMA2527
4	2	7	YIL109C	TSA456
4	2	8	YDR182W	TSA413
4	2	9	YDR331W	TSA371
4	2	10	YDL065C	DMA655
4	2	11	YPL101W	DMA4843
4	2	12	YDR334W	DMA1071
4	2	13	YBR257W	TSA1175
4	2	14	YJL091C	TSA655
4	2	15	YPL120W	DMA4850
4	2	16	YHR005C	TSA791
4	2	17	YDL077C	DMA649
4	2	18	YER133W	TSA185
4	2	19	YDL058W	TSA441
4	2	20	YDR454C	TSA1183
4	2	21	YIL147C	TSA1001
4	2	22	YGR074W	TSA748
4	2	23	YPL082C	TSA363
4	2	24	YMR271C	DMA3865
4	3	1	YMR271C	DMA3865
4	3	2	YIL143C	TSA648
4	3	3	YFL039C	TSA74
4	3	4	YML023C	TSA1004
4	3	5	YNL138W	TSA675
4	3	6	YDR276C	DMA1024
4	3	7	YNL158W	TSA1190
4	3	8	YJL005W	TSA354
4	3	9	YDR208W	TSA903
4	3	10	YDR168W	TSA317
4	3	11	YDR299W	TSA1218
4	3	12	YKL088W	TSA1206
4	3	13	YHR189W	DMA2229
4	3	14	YLR310C	TSA23
4	3	15	YOR204W	TSA932
4	3	16	YFL039C	TSA223
4	3	17	YKR008W	TSA498
4	3	18	YLR430W	TSA1024
4	3	19	YNR011C	TSA338
4	3	20	YBR195C	DMA340
4	3	21	YLR430W	TSA1023
4	3	22	YGR156W	TSA835
4	3	23	YPR135W	DMA5136
4	3	24	YMR271C	DMA3865
4	4	1	YMR271C	DMA3865
4	4	2	YOL094C	TSA171
4	4	3	YNL312W	TSA1180
4	4	4	YDL164C	TSA33
4	4	5	YER147C	TSA986
4	4	6	YLR116W	TSA1144
4	4	7	YFL045C	TSA48
4	4	8	YDR489W	TSA1058
4	4	9	YDR325W	TSA578
4	4	10	YML126C	TSA1104
4	4	11	YGR274C	TSA525
4	4	12	YEL032W	TSA112
4	4	13	YNL147W	DMA5339
4	4	14	YOR070C	DMA4499
4	4	15	YOR272W	TSA734
4	4	16	YBR160W	TSA62
4	4	17	YBR123C	TSA568
4	4	18	YKL104C	TSA989
4	4	19	YMR168C	TSA294
4	4	20	YJR076C	TSA83
4	4	21	YKL176C	DMA2888
4	4	22	YDR062W	TSA587
4	4	23	YJR065C	TSA299
4	4	24	YMR271C	DMA3865
4	5	1	YMR271C	DMA3865
4	5	2	YDR082W	TSA599
4	5	3	YDL097C	TSA1146
4	5	4	YDL002C	DMA621
4	5	5	YIL115C	TSA553
4	5	6	YBL007C	DMA91
4	5	7	YML069W	TSA846
4	5	8	YDL105W	TSA1013
4	5	9	YBR060C	TSA311
4	5	10	YHR067W	DMA2135
4	5	11	YGL116W	TSA898
4	5	12	YOR204W	TSA561
4	5	13	YLR060W	TSA1227
4	5	14	YJL019W	TSA437
4	5	15	YKR020W	DMA2932
4	5	16	YHR107C	TSA30
4	5	17	YPL093W	TSA329
4	5	18	YNL136W	DMA4040
4	5	19	YJR065C	TSA341
4	5	20	YGR172C	TSA1125
4	5	21	YGL213C	DMA1731
4	5	22	YFL034C-B	TSA616
4	5	23	YEL026W	TSA1087
4	5	24	YMR271C	DMA3865
4	6	1	YMR271C	DMA3865
4	6	2	YDR145W	TSA518
4	6	3	YKL013C	TSA1269
4	6	4	YOR250C	TSA1186
4	6	5	YLR166C	TSA63
4	6	6	YGR140W	TSA76
4	6	7	YFR027W	TSA272
4	6	8	YLR268W	TSA313
4	6	9	YGR098C	TSA978
4	6	10	YMR298W	TSA1059
4	6	11	YDR378C	DMA1114
4	6	12	YDR339C	TSA1188
4	6	13	YGR006W	TSA430
4	6	14	YDR086C	TSA1112
4	6	15	YHR191C	TSA323
4	6	16	YGL093W	TSA824
4	6	17	YLR383W	TSA747
4	6	18	YLR272C	TSA432
4	6	19	YNR026C	TSA305
4	6	20	YGR120C	TSA187
4	6	21	YOR362C	TSA1249
4	6	22	YOR262W	TSA1215
4	6	23	YLL011W	TSA1101
4	6	24	YMR271C	DMA3865
4	7	1	YMR271C	DMA3865
4	7	2	YLR115W	TSA1143
4	7	3	YBR160W	TSA150
4	7	4	YFR028C	TSA145
4	7	5	YBL084C	TSA89
4	7	6	YPR016C	TSA1008
4	7	7	YDR416W	TSA1236
4	7	8	YJR042W	TSA1266
4	7	9	YNR010W	DMA4207
4	7	10	YDL030W	TSA361
4	7	11	YDL126C	TSA851
4	7	12	YBR110W	TSA177
4	7	13	YBR160W	TSA174
4	7	14	YOL021C	TSA1030
4	7	15	YJL025W	TSA1130
4	7	16	YBR236C	TSA75
4	7	17	YDR049W	DMA844
4	7	18	YLR002C	TSA1164
4	7	19	YHR020W	TSA1221
4	7	20	YKL145W	TSA190
4	7	21	YCL016C	DMA473
4	7	22	YLR200W	DMA3275
4	7	23	YJL074C	TSA259
4	7	24	YMR271C	DMA3865
4	8	1	YMR271C	DMA3865
4	8	2	YER022W	TSA519
4	8	3	YIR010W	TSA435
4	8	4	YML098W	TSA636
4	8	5	YDL007W	TSA934
4	8	6	YMR308C	TSA682
4	8	7	YNR035C	TSA470
4	8	8	YPR103W	TSA916
4	8	9	YCR093W	TSA93
4	8	10	YOR370C	TSA258
4	8	11	YDR088C	TSA656
4	8	12	YDR052C	TSA162
4	8	13	YBR004C	TSA1243
4	8	14	YAL001C	TSA508
4	8	15	YGL097W	TSA261
4	8	16	YMR296C	TSA603
4	8	17	YLR115W	TSA801
4	8	18	YDL190C	DMA786
4	8	19	YDL105W	TSA991
4	8	20	YMR168C	TSA845
4	8	21	YAL041W	TSA148
4	8	22	YGR006W	TSA434
4	8	23	YFL034C-B	TSA609
4	8	24	YMR271C	DMA3865
4	9	1	YMR271C	DMA3865
4	9	2	YDR228C	TSA686
4	9	3	YER133W	TSA184
4	9	4	YMR013C	TSA422
4	9	5	YIL022W	TSA956
4	9	6	YOR174W	TSA953
4	9	7	YBR060C	TSA295
4	9	8	YDR062W	TSA585
4	9	9	YBL097W	TSA511
4	9	10	YDR463W	DMA1199
4	9	11	YML032C	DMA3531
4	9	12	YGR218W	TSA460
4	9	13	YDR016C	TSA1077
4	9	14	YNL001W	DMA4193
4	9	15	YMR227C	TSA638
4	9	16	YOL135C	TSA740
4	9	17	YNL153C	DMA4055
4	9	18	YBL034C	TSA643
4	9	19	YGR075C	TSA480
4	9	20	YAL041W	TSA149
4	9	21	YLR459W	TSA200
4	9	22	YIL144W	TSA246
4	9	23	YDR182W	TSA807
4	9	24	YMR271C	DMA3865
4	10	1	YMR271C	DMA3865
4	10	2	YNL247W	TSA1211
4	10	3	YPL252C	TSA428
4	10	4	YLR215C	TSA946
4	10	5	YOR046C	TSA944
4	10	6	YNL153C	DMA4055
4	10	7	YOL081W	DMA4362
4	10	8	YML114C	TSA695
4	10	9	YFL039C	TSA909
4	10	10	YAL002W	DMA23
4	10	11	YDR315C	DMA1059
4	10	12	YGL163C	DMA1715
4	10	13	YLR089C	DMA3191
4	10	14	YLR222C	TSA1250
4	10	15	YDL097C	TSA1035
4	10	16	YJR076C	TSA356
4	10	17	YKL052C	TSA1002
4	10	18	YCR077C	DMA599
4	10	19	YFR032C-A	DMA1563
4	10	20	YFL034C-B	TSA611
4	10	21	YKR037C	TSA839
4	10	22	YER083C	DMA1389
4	10	23	YLL003W	TSA459
4	10	24	YMR271C	DMA3865
4	11	1	YMR271C	DMA3865
4	11	2	YGR253C	TSA1147
4	11	3	YML125C	TSA1210
4	11	4	YKR082W	DMA3009
4	11	5	YKR084C	DMA3008
4	11	6	YKL060C	TSA1265
4	11	7	YHR036W	TSA1043
4	11	8	YHR088W	TSA1000
4	11	9	YPL228W	TSA419
4	11	10	YOR259C	TSA260
4	11	11	YNL102W	TSA345
4	11	12	YDL020C	DMA613
4	11	13	YBR156C	TSA236
4	11	14	YER093C	TSA811
4	11	15	YNL061W	TSA626
4	11	16	YDL015C	TSA1113
4	11	17	YDL003W	TSA1229
4	11	18	YPR190C	TSA1238
4	11	19	YFR037C	TSA999
4	11	20	YML098W	TSA797
4	11	21	YHR190W	TSA1128
4	11	22	YBR237W	TSA117
4	11	23	YKL024C	TSA1032
4	11	24	YMR271C	DMA3865
4	12	1	YMR271C	DMA3865
4	12	2	YPR162C	TSA1247
4	12	3	YBR126C	DMA298
4	12	4	YNL222W	TSA902
4	12	5	YHR107C	TSA50
4	12	6	YKL042W	TSA451
4	12	7	YER155C	DMA1444
4	12	8	YMR117C	TSA303
4	12	9	YNL261W	TSA424
4	12	10	YGR245C	TSA523
4	12	11	YPL266W	TSA984
4	12	12	YLR384C	DMA3413
4	12	13	YOR335C	TSA905
4	12	14	YGR125W	DMA1878
4	12	15	YPR161C	TSA1027
4	12	16	YMR272C	DMA3887
4	12	17	YPL233W	TSA452
4	12	18	YMR100W	DMA3688
4	12	19	YIL126W	TSA931
4	12	20	YMR236W	TSA730
4	12	21	YDL145C	TSA704
4	12	22	YJL148W	DMA2540
4	12	23	YFR051C	TSA823
4	12	24	YMR271C	DMA3865
4	13	1	YMR271C	DMA3865
4	13	2	YDR288W	TSA1219
4	13	3	YJR065C	TSA296
4	13	4	YMR117C	TSA293
4	13	5	YLR186W	TSA1056
4	13	6	YLR145W	TSA796
4	13	7	YGR092W	TSA159
4	13	8	YGR101W	DMA1868
4	13	9	YPL076W	TSA463
4	13	10	YDR398W	TSA1242
4	13	11	YNL153C	DMA4055
4	13	12	YLR410W	DMA3437
4	13	13	YGL255W	DMA1767
4	13	14	YKL021C	TSA1046
4	13	15	YFR037C	TSA998
4	13	16	YCR042C	TSA802
4	13	17	YDR311W	TSA701
4	13	18	YDR280W	TSA1086
4	13	19	YBR135W	TSA332
4	13	20	YKL045W	TSA19
4	13	21	YPR178W	TSA819
4	13	22	YLL031C	TSA196
4	13	23	YLR005W	TSA752
4	13	24	YMR271C	DMA3865
4	14	1	YMR271C	DMA3865
4	14	2	BLANK	
4	14	3	YOR257W	TSA891
4	14	4	YOR260W	TSA850
4	14	5	YFR028C	TSA416
4	14	6	YKL022C	TSA883
4	14	7	YBR121C	TSA1071
4	14	8	YHR172W	TSA1256
4	14	9	YPR165W	TSA15
4	14	10	YNL282W	TSA1169
4	14	11	YKL048C	DMA2781
4	14	12	YPR016C	TSA1272
4	14	13	YLL050C	TSA248
4	14	14	YDR052C	TSA163
4	14	15	YMR290C	TSA1161
4	14	16	YAL041W	TSA304
4	14	17	YEL055C	TSA596
4	14	18	YJL173C	TSA653
4	14	19	YCL059C	TSA325
4	14	20	YFL029C	TSA650
4	14	21	YJL194W	TSA32
4	14	22	YBR200W	DMA360
4	14	23	YKL095W	TSA1222
4	14	24	YMR271C	DMA3865
4	15	1	YMR271C	DMA3865
4	15	2	YDR052C	TSA161
4	15	3	YMR240C	TSA639
4	15	4	YMR205C	DMA3795
4	15	5	YLL003W	TSA475
4	15	6	YLR393W	DMA3426
4	15	7	YPR161C	TSA1029
4	15	8	YER148W	TSA476
4	15	9	YKL018W	TSA893
4	15	10	YJL097W	TSA1207
4	15	11	YHR166C	TSA86
4	15	12	YNL006W	TSA466
4	15	13	YPL085W	TSA119
4	15	14	YDR473C	TSA58
4	15	15	YAL041W	TSA42
4	15	16	YBR109C	TSA155
4	15	17	YJL085W	TSA856
4	15	18	YNL071W	DMA3994
4	15	19	YGR002C	TSA895
4	15	20	YNR003C	TSA640
4	15	21	YLR127C	TSA262
4	15	22	YDR168W	TSA315
4	15	23	YBR236C	TSA357
4	15	24	YMR271C	DMA3865
4	16	1	YMR271C	DMA3865
4	16	2	YMR271C	DMA3865
4	16	3	YMR271C	DMA3865
4	16	4	YMR271C	DMA3865
4	16	5	YMR271C	DMA3865
4	16	6	YMR271C	DMA3865
4	16	7	YMR271C	DMA3865
4	16	8	YMR271C	DMA3865
4	16	9	YMR271C	DMA3865
4	16	10	YMR271C	DMA3865
4	16	11	YMR271C	DMA3865
4	16	12	YMR271C	DMA3865
4	16	13	YMR271C	DMA3865
4	16	14	YMR271C	DMA3865
4	16	15	YMR271C	DMA3865
4	16	16	YMR271C	DMA3865
4	16	17	YMR271C	DMA3865
4	16	18	YMR271C	DMA3865
4	16	19	YMR271C	DMA3865
4	16	20	YMR271C	DMA3865
4	16	21	YMR271C	DMA3865
4	16	22	YMR271C	DMA3865
4	16	23	YMR271C	DMA3865
4	16	24	YMR271C	DMA3865
