id_array	id_query
dma23	sn273
dma20	sn184
dma19	sn2532
dma18	sn2699
dma17	sn1778
dma16	sn2007
dma15	sn4677
dma14	sn1277
dma13	sn2937
dma35	sn3084
dma34	sn1217
dma33	sn1168
dma32	sn2248
dma31	sn870
dma5246	sn1594
dma30	sn3922
dma29	sn3723
dma28	sn1011
dma27	sn833
dma26	sn178
dma25	sn3412
dma47	sn3064
dma46	sn3892
dma45	sn3085
dma44	sn1334
dma43	sn197
dma5216	sn3087
dma5203	sn533
dma40	sn3422
dma39	sn1911
dma38	sn640
dma37	sn2738
dma59	sn380
dma58	sn2724
dma56	sn2203
dma55	sn3907
dma54	sn4331
dma53	sn2617
dma52	sn4337
dma51	sn3088
dma50	sn4678
dma71	sn2236
dma70	sn4679
dma69	sn198
dma68	sn1908
dma67	sn1799
dma66	sn784
dma64	sn1226
dma63	sn4680
dma62	sn4681
dma61	sn3713
dma83	sn3091
dma82	sn3423
dma80	sn516
dma79	sn2489
dma76	sn3004
dma95	sn824
dma94	sn720
dma93	sn1755
dma92	sn1998
dma91	sn761
dma90	sn1601
dma89	sn1371
dma88	sn39
dma87	sn894
dma86	sn4215
dma85	sn545
dma118	sn1264
dma117	sn2127
dma116	sn4219
dma113	sn662
dma112	sn3550
dma111	sn1113
dma110	sn1649
dma131	sn524
dma130	sn4425
dma129	sn2394
dma128	sn711
dma127	sn3724
dma126	sn164
dma124	sn3073
dma123	sn1352
dma122	sn1794
dma142	sn3424
dma141	sn904
dma140	sn3843
dma139	sn2543
dma138	sn3552
dma137	sn1237
dma135	sn1436
dma134	sn1586
dma155	sn624
dma154	sn1167
dma153	sn4357
dma152	sn374
dma149	sn4015
dma148	sn443
dma147	sn395
dma146	sn1865
dma168	sn3099
dma167	sn914
dma165	sn815
dma164	sn2143
dma163	sn3959
dma162	sn1616
dma161	sn4683
dma160	sn4151
dma159	sn3818
dma180	sn2544
dma178	sn4394
dma176	sn146
dma175	sn236
dma174	sn2104
dma173	sn51
dma172	sn230
dma171	sn3425
dma170	sn2972
dma192	sn722
dma191	sn4458
dma190	sn3063
dma189	sn2219
dma188	sn1751
dma187	sn1757
dma184	sn139
dma183	sn908
dma182	sn3858
dma203	sn2839
dma202	sn2838
dma201	sn2836
dma200	sn3044
dma199	sn1236
dma198	sn2280
dma197	sn3426
dma196	sn4684
dma194	sn3797
dma193	sn897
dma215	sn3981
dma213	sn620
dma212	sn1856
dma211	sn2202
dma210	sn782
dma209	sn2400
dma208	sn892
dma207	sn2402
dma206	sn2696
dma205	sn1056
dma227	sn3663
dma226	sn2511
dma225	sn4112
dma224	sn1874
dma222	sn3427
dma221	sn3103
dma220	sn659
dma219	sn2769
dma218	sn1519
dma217	sn2944
dma239	sn558
dma238	sn4142
dma237	sn3104
dma236	sn3105
dma234	sn1749
dma233	sn1824
dma232	sn737
dma231	sn2335
dma230	sn2336
dma229	sn3428
dma251	sn2981
dma250	sn1420
dma249	sn3106
dma247	sn145
dma246	sn1027
dma5187	sn726
dma245	sn1021
dma244	sn979
dma243	sn3949
dma242	sn2684
dma5239	sn2491
dma5238	sn991
dma241	sn3553
dma262	sn2926
dma260	sn1121
dma259	sn841
dma258	sn1294
dma254	sn1797
dma253	sn2265
dma275	sn539
dma273	sn1220
dma272	sn1122
dma271	sn4312
dma269	sn1510
dma5254	sn4201
dma266	sn1892
dma299	sn1157
dma298	sn2975
dma297	sn10
dma296	sn791
dma295	sn834
dma294	sn428
dma293	sn2191
dma291	sn3429
dma290	sn1123
dma312	sn2443
dma311	sn3717
dma309	sn2740
dma308	sn4060
dma307	sn3107
dma306	sn637
dma305	sn2794
dma304	sn1713
dma303	sn3534
dma324	sn3069
dma323	sn1486
dma321	sn2990
dma320	sn3055
dma319	sn360
dma318	sn432
dma317	sn1964
dma315	sn4685
dma314	sn342
dma335	sn320
dma334	sn159
dma331	sn2913
dma330	sn2649
dma328	sn2411
dma327	sn3943
dma326	sn1924
dma348	sn2800
dma347	sn3108
dma346	sn4686
dma345	sn1596
dma344	sn3767
dma343	sn1898
dma342	sn4117
dma341	sn1704
dma340	sn1296
dma339	sn3554
dma338	sn858
dma359	sn219
dma358	sn3868
dma356	sn751
dma354	sn180
dma353	sn4253
dma351	sn594
dma350	sn1826
dma372	sn4466
dma371	sn1325
dma370	sn1345
dma369	sn3860
dma368	sn426
dma367	sn2853
dma366	sn3109
dma365	sn3110
dma364	sn4687
dma363	sn2757
dma362	sn1267
dma406	sn3111
dma404	sn2622
dma403	sn1271
dma402	sn696
dma401	sn2545
dma398	sn1102
dma397	sn2142
dma419	sn651
dma418	sn1715
dma417	sn1946
dma416	sn4297
dma415	sn3555
dma414	sn997
dma413	sn1192
dma412	sn3112
dma410	sn4273
dma409	sn3113
dma431	sn1124
dma430	sn1363
dma429	sn3114
dma428	sn879
dma427	sn3808
dma426	sn2529
dma425	sn4406
dma424	sn234
dma422	sn687
dma421	sn2509
dma443	sn3115
dma442	sn3809
dma441	sn1443
dma440	sn71
dma439	sn1529
dma438	sn1798
dma437	sn1523
dma435	sn1207
dma434	sn3116
dma433	sn3556
dma455	sn157
dma454	sn1125
dma453	sn3117
dma452	sn495
dma451	sn103
dma450	sn241
dma449	sn1762
dma448	sn409
dma447	sn2254
dma445	sn2432
dma467	sn2387
dma466	sn2224
dma465	sn2375
dma464	sn2034
dma463	sn2245
dma5252	sn2895
dma461	sn614
dma460	sn203
dma459	sn4688
dma458	sn3119
dma479	sn4327
dma477	sn2074
dma474	sn1239
dma473	sn1457
dma470	sn1534
dma469	sn2333
dma503	sn2910
dma502	sn799
dma501	sn3664
dma500	sn1477
dma498	sn1039
dma497	sn999
dma496	sn9
dma495	sn1004
dma494	sn3066
dma515	sn421
dma514	sn3833
dma513	sn2796
dma512	sn3430
dma511	sn2547
dma510	sn73
dma508	sn3120
dma507	sn758
dma506	sn3687
dma528	sn2912
dma527	sn772
dma526	sn1401
dma525	sn3431
dma524	sn435
dma522	sn1212
dma520	sn4689
dma519	sn4481
dma518	sn2430
dma540	sn3880
dma539	sn3881
dma536	sn4690
dma534	sn3123
dma533	sn1340
dma532	sn172
dma531	sn2326
dma530	sn2175
dma552	sn1320
dma551	sn3124
dma550	sn3747
dma549	sn753
dma548	sn1080
dma547	sn4691
dma546	sn290
dma545	sn2721
dma543	sn2548
dma542	sn2397
dma563	sn3125
dma562	sn2197
dma561	sn2657
dma560	sn612
dma559	sn4134
dma558	sn152
dma557	sn1362
dma556	sn538
dma555	sn161
dma554	sn2228
dma576	sn114
dma575	sn448
dma574	sn2146
dma573	sn3010
dma570	sn3557
dma569	sn173
dma568	sn4456
dma567	sn4294
dma566	sn3432
dma586	sn685
dma585	sn2112
dma584	sn188
dma583	sn13
dma581	sn4021
dma580	sn932
dma579	sn4239
dma578	sn2207
dma577	sn3126
dma599	sn1228
dma598	sn2785
dma596	sn54
dma595	sn2714
dma593	sn1311
dma592	sn1723
dma590	sn818
dma589	sn781
dma611	sn3558
dma610	sn1535
dma609	sn1253
dma608	sn3433
dma607	sn2350
dma606	sn3127
dma605	sn3128
dma604	sn3688
dma603	sn3129
dma601	sn2739
dma623	sn2044
dma5251	sn2745
dma622	sn1107
dma620	sn903
dma619	sn137
dma617	sn3751
dma616	sn1637
dma615	sn452
dma614	sn3003
dma613	sn4246
dma634	sn967
dma633	sn3903
dma631	sn2549
dma630	sn3906
dma628	sn968
dma627	sn4298
dma626	sn617
dma625	sn3130
dma647	sn797
dma642	sn3898
dma641	sn4236
dma640	sn2985
dma638	sn1711
dma637	sn2241
dma659	sn1582
dma658	sn1655
dma657	sn4011
dma655	sn310
dma654	sn2859
dma653	sn1726
dma651	sn1801
dma650	sn1780
dma649	sn506
dma684	sn2811
dma683	sn2934
dma682	sn3019
dma680	sn3945
dma679	sn3992
dma678	sn2643
dma677	sn3029
dma676	sn1859
dma675	sn3133
dma696	sn3421
dma695	sn873
dma693	sn875
dma691	sn3434
dma690	sn440
dma689	sn2539
dma688	sn2122
dma687	sn2888
dma686	sn3561
dma708	sn4222
dma707	sn425
dma706	sn1126
dma705	sn1235
dma703	sn2261
dma702	sn74
dma701	sn340
dma700	sn3756
dma699	sn2897
dma698	sn2171
dma720	sn1173
dma719	sn2447
dma718	sn3562
dma717	sn4203
dma716	sn2414
dma714	sn3977
dma713	sn3134
dma712	sn1551
dma710	sn580
dma732	sn3971
dma731	sn207
dma730	sn462
dma729	sn2659
dma728	sn3563
dma727	sn652
dma726	sn400
dma724	sn1350
dma723	sn3564
dma722	sn2550
dma742	sn3
dma740	sn3419
dma739	sn2827
dma738	sn3083
dma737	sn2020
dma736	sn4338
dma756	sn2471
dma755	sn1845
dma754	sn3136
dma753	sn3137
dma752	sn668
dma751	sn1175
dma750	sn3768
dma749	sn2413
dma748	sn4366
dma747	sn3138
dma746	sn3976
dma790	sn3139
dma788	sn1552
dma787	sn2837
dma786	sn1676
dma784	sn206
dma783	sn463
dma782	sn1786
dma781	sn2551
dma803	sn1248
dma802	sn4217
dma801	sn2778
dma800	sn69
dma799	sn28
dma798	sn2439
dma797	sn3769
dma796	sn4187
dma795	sn848
dma794	sn4399
dma793	sn585
dma815	sn3436
dma814	sn4192
dma813	sn2627
dma812	sn779
dma811	sn1589
dma810	sn205
dma808	sn3929
dma807	sn324
dma806	sn168
dma805	sn862
dma827	sn3565
dma826	sn528
dma825	sn1522
dma824	sn3140
dma823	sn2882
dma822	sn951
dma821	sn1045
dma820	sn3141
dma818	sn2746
dma817	sn2971
dma839	sn3544
dma838	sn1654
dma837	sn1884
dma836	sn143
dma835	sn4487
dma833	sn2029
dma831	sn2317
dma830	sn1622
dma851	sn3838
dma850	sn4409
dma849	sn4299
dma848	sn1591
dma846	sn4111
dma5215	sn1724
dma5213	sn1262
dma5212	sn3566
dma5211	sn3542
dma5210	sn127
dma5224	sn4272
dma5223	sn175
dma5222	sn3143
dma5221	sn2002
dma5219	sn2293
dma844	sn3567
dma843	sn3568
dma842	sn708
dma841	sn105
dma863	sn190
dma862	sn2889
dma861	sn445
dma860	sn1086
dma859	sn3569
dma858	sn3437
dma857	sn3438
dma856	sn3411
dma855	sn2506
dma854	sn1685
dma853	sn2896
dma888	sn1759
dma887	sn2980
dma886	sn902
dma885	sn1408
dma884	sn734
dma883	sn507
dma882	sn4181
dma881	sn48
dma880	sn1040
dma879	sn3826
dma878	sn3666
dma900	sn1563
dma899	sn257
dma896	sn1632
dma895	sn1442
dma894	sn1003
dma893	sn1077
dma892	sn45
dma891	sn4170
dma912	sn1053
dma911	sn3682
dma910	sn124
dma909	sn216
dma908	sn3045
dma906	sn1256
dma905	sn4319
dma903	sn4118
dma902	sn3904
dma924	sn133
dma923	sn4221
dma922	sn1208
dma921	sn227
dma920	sn1933
dma919	sn3144
dma918	sn725
dma917	sn120
dma916	sn4271
dma915	sn3757
dma914	sn1153
dma936	sn3886
dma935	sn3570
dma933	sn3049
dma932	sn2428
dma931	sn1481
dma930	sn312
dma929	sn2134
dma928	sn1573
dma927	sn1347
dma926	sn2686
dma948	sn4692
dma946	sn1498
dma945	sn2120
dma944	sn3414
dma943	sn235
dma941	sn352
dma940	sn2082
dma938	sn4381
dma960	sn1854
dma959	sn3571
dma958	sn990
dma957	sn1888
dma956	sn4218
dma955	sn1705
dma954	sn1022
dma952	sn1915
dma951	sn4693
dma950	sn587
dma971	sn3145
dma970	sn1199
dma969	sn1082
dma968	sn1020
dma967	sn657
dma966	sn3439
dma965	sn1791
dma964	sn1867
dma962	sn3146
dma983	sn488
dma981	sn2332
dma980	sn1644
dma979	sn1886
dma977	sn3147
dma976	sn3007
dma975	sn3862
dma973	sn2119
dma995	sn1288
dma994	sn770
dma993	sn3887
dma991	sn75
dma990	sn3440
dma989	sn3835
dma988	sn1754
dma986	sn457
dma985	sn658
dma1006	sn3441
dma5249	sn4288
dma1004	sn311
dma1003	sn566
dma1002	sn1538
dma1001	sn641
dma1000	sn1127
dma998	sn962
dma997	sn3914
dma1019	sn4467
dma1018	sn1218
dma1017	sn1487
dma1016	sn2312
dma1015	sn1731
dma1014	sn2722
dma1013	sn1920
dma1012	sn1058
dma1011	sn705
dma1010	sn3770
dma1009	sn1263
dma1031	sn300
dma1030	sn3442
dma1029	sn2200
dma1028	sn2797
dma1027	sn1384
dma1025	sn122
dma1024	sn2346
dma1023	sn2153
dma1021	sn1302
dma1043	sn2780
dma1042	sn3148
dma1041	sn1042
dma1040	sn1375
dma1039	sn3149
dma1038	sn2906
dma1037	sn1482
dma1036	sn1091
dma1035	sn729
dma1034	sn2995
dma1033	sn2991
dma1068	sn55
dma1067	sn4404
dma1066	sn3888
dma1065	sn76
dma1064	sn822
dma1063	sn1800
dma1062	sn4169
dma1061	sn364
dma1060	sn660
dma1059	sn2905
dma1058	sn2621
dma1080	sn3150
dma1079	sn1224
dma1078	sn3151
dma1077	sn182
dma5264	sn3152
dma1075	sn316
dma1074	sn1665
dma1073	sn2498
dma1072	sn3443
dma1071	sn1765
dma1070	sn1963
dma1092	sn3153
dma1091	sn3154
dma1088	sn2358
dma1087	sn3548
dma1086	sn608
dma1085	sn62
dma1084	sn721
dma1083	sn134
dma1082	sn4483
dma1104	sn3444
dma1103	sn246
dma1100	sn1785
dma1099	sn1584
dma1098	sn2752
dma1097	sn1324
dma1096	sn3445
dma1095	sn47
dma1116	sn3156
dma1115	sn2463
dma1114	sn1903
dma1113	sn582
dma1112	sn4363
dma1111	sn4205
dma1110	sn1100
dma1109	sn2324
dma1108	sn4199
dma1107	sn1279
dma1106	sn2618
dma1128	sn171
dma1127	sn1046
dma1126	sn3572
dma1125	sn2072
dma1124	sn2681
dma1123	sn1855
dma1122	sn4434
dma1121	sn4455
dma1119	sn1048
dma1118	sn1047
dma1140	sn2208
dma1139	sn4444
dma1138	sn1570
dma1136	sn63
dma1135	sn366
dma1134	sn3158
dma1133	sn1280
dma1132	sn757
dma1131	sn1931
dma1130	sn1950
dma1175	sn1928
dma1174	sn1440
dma1173	sn362
dma1171	sn3159
dma1170	sn4694
dma1168	sn1232
dma1167	sn1629
dma1166	sn3667
dma1165	sn1783
dma1187	sn1215
dma1186	sn4309
dma5263	sn3897
dma1184	sn727
dma1183	sn4113
dma1182	sn1491
dma1181	sn2928
dma1180	sn1587
dma1178	sn3160
dma1177	sn3161
dma1198	sn2921
dma1197	sn850
dma1195	sn1204
dma1194	sn3962
dma1192	sn3071
dma1191	sn77
dma5262	sn327
dma1190	sn306
dma1189	sn839
dma1211	sn1521
dma1210	sn1738
dma1208	sn404
dma1207	sn277
dma1206	sn1497
dma1205	sn328
dma1203	sn281
dma5260	sn2520
dma1202	sn4130
dma1201	sn986
dma1223	sn2226
dma1222	sn3973
dma1221	sn1162
dma5259	sn4377
dma1220	sn898
dma1219	sn3078
dma1218	sn1105
dma1217	sn2554
dma1216	sn2294
dma1214	sn2645
dma1213	sn1635
dma1235	sn2718
dma1234	sn3748
dma5258	sn2168
dma1233	sn2996
dma1232	sn1469
dma1231	sn104
dma1230	sn3573
dma1229	sn1069
dma1228	sn204
dma1226	sn3546
dma1225	sn718
dma1247	sn4405
dma1246	sn1128
dma1245	sn3817
dma1244	sn2136
dma1242	sn2408
dma1240	sn4278
dma1239	sn3446
dma1238	sn3574
dma1237	sn4291
dma1272	sn78
dma1271	sn1661
dma1270	sn698
dma1269	sn50
dma1268	sn2262
dma1267	sn3575
dma1264	sn2874
dma1263	sn1564
dma1262	sn434
dma1283	sn1807
dma1282	sn3163
dma1281	sn2222
dma1280	sn2865
dma1279	sn642
dma1278	sn3164
dma1277	sn3576
dma1275	sn2315
dma1274	sn916
dma1295	sn1511
dma1294	sn1117
dma1293	sn2639
dma1292	sn709
dma1291	sn1129
dma1290	sn911
dma1289	sn79
dma1288	sn2899
dma1287	sn40
dma1286	sn22
dma1308	sn1084
dma1307	sn291
dma1305	sn3165
dma1320	sn1357
dma1317	sn2886
dma1316	sn878
dma1315	sn4171
dma1314	sn2530
dma1313	sn912
dma1312	sn3803
dma1311	sn1516
dma1310	sn3167
dma1332	sn1014
dma1331	sn1435
dma1330	sn158
dma1329	sn1007
dma1328	sn1066
dma1327	sn2490
dma1326	sn920
dma1325	sn1881
dma1324	sn3725
dma1323	sn540
dma1322	sn1838
dma1344	sn3662
dma1343	sn3577
dma1342	sn1805
dma1340	sn20
dma1338	sn3168
dma1339	sn1742
dma1337	sn1000
dma1336	sn1638
dma1335	sn2105
dma1334	sn3876
dma1354	sn1686
dma1353	sn2330
dma1352	sn128
dma1351	sn3169
dma1350	sn4380
dma1349	sn2292
dma1348	sn2930
dma1346	sn2380
dma1345	sn3968
dma1366	sn2953
dma1365	sn2204
dma1363	sn2883
dma1362	sn1617
dma1361	sn2129
dma1360	sn3854
dma1359	sn2880
dma1357	sn1130
dma1378	sn3578
dma1376	sn3447
dma1375	sn499
dma1374	sn2641
dma1373	sn4073
dma1372	sn905
dma1371	sn2555
dma1370	sn2623
dma1369	sn3579
dma1391	sn2514
dma1390	sn4461
dma1389	sn148
dma1387	sn3170
dma1385	sn2008
dma5257	sn1341
dma1384	sn4484
dma1383	sn4373
dma1381	sn1729
dma1403	sn3171
dma1402	sn1656
dma1401	sn2998
dma1399	sn4144
dma1398	sn46
dma1397	sn1404
dma1394	sn1342
dma1393	sn118
dma1415	sn816
dma1414	sn1064
dma1413	sn1250
dma1412	sn3960
dma1411	sn973
dma1410	sn4696
dma1408	sn155
dma1406	sn1524
dma1405	sn707
dma1427	sn3172
dma1426	sn1536
dma1425	sn1695
dma1424	sn4006
dma1423	sn1060
dma1422	sn3580
dma1420	sn3173
dma1419	sn1706
dma1418	sn3701
dma1417	sn1246
dma1452	sn475
dma1451	sn1556
dma1450	sn2363
dma1449	sn569
dma1448	sn15
dma1447	sn953
dma1446	sn3581
dma1445	sn4090
dma1444	sn766
dma1443	sn3582
dma1442	sn3174
dma1464	sn1872
dma1463	sn1508
dma1462	sn3583
dma1461	sn1773
dma1460	sn255
dma1459	sn1335
dma1458	sn125
dma1457	sn1418
dma1456	sn1002
dma1455	sn4317
dma1454	sn1612
dma1476	sn1076
dma1475	sn4698
dma1474	sn1397
dma1473	sn1633
dma1471	sn2503
dma1470	sn2826
dma1469	sn1696
dma1468	sn4300
dma1467	sn3175
dma1466	sn3176
dma5288	sn1409
dma5287	sn503
dma5286	sn3847
dma5285	sn3857
dma5284	sn2141
dma1486	sn2298
dma5283	sn3178
dma5282	sn1766
dma1484	sn2963
dma1482	sn4343
dma1480	sn25
dma1479	sn2114
dma1478	sn674
dma1500	sn223
dma1498	sn532
dma1497	sn2022
dma1496	sn4342
dma1495	sn2018
dma5267	sn1537
dma1493	sn3958
dma1492	sn3669
dma1490	sn2279
dma1512	sn29
dma1511	sn2437
dma1510	sn3179
dma1508	sn3638
dma1507	sn2516
dma1506	sn1043
dma1505	sn194
dma1504	sn3726
dma1503	sn2369
dma1502	sn3180
dma1524	sn1687
dma1523	sn2977
dma1522	sn4699
dma1521	sn2334
dma1520	sn2747
dma1519	sn2624
dma1518	sn3185
dma1517	sn692
dma1516	sn4159
dma1515	sn1960
dma1514	sn3584
dma1559	sn3186
dma1558	sn1194
dma1557	sn922
dma1556	sn2876
dma1555	sn3585
dma1554	sn3448
dma1553	sn30
dma1552	sn444
dma1550	sn405
dma1549	sn625
dma1571	sn1103
dma1569	sn561
dma1567	sn3187
dma1566	sn4464
dma1565	sn3963
dma1564	sn3188
dma1563	sn3940
dma1562	sn2481
dma1561	sn1914
dma1583	sn3189
dma1582	sn1092
dma1581	sn3190
dma1580	sn1327
dma1579	sn64
dma1578	sn3191
dma1577	sn3586
dma1576	sn2263
dma1575	sn1382
dma1574	sn4395
dma1573	sn1110
dma1595	sn4070
dma1594	sn2833
dma1592	sn4475
dma1590	sn3192
dma1589	sn456
dma1588	sn3849
dma1587	sn266
dma1586	sn2434
dma1607	sn4361
dma1606	sn83
dma1605	sn2003
dma1604	sn287
dma1603	sn626
dma1602	sn1973
dma1600	sn1541
dma1599	sn2670
dma1598	sn1451
dma1597	sn535
dma1617	sn706
dma1615	sn4079
dma1614	sn590
dma1612	sn2012
dma1611	sn3449
dma5296	sn1213
dma1610	sn4311
dma1631	sn1428
dma1630	sn1386
dma5185	sn4214
dma1628	sn3193
dma1627	sn4700
dma1626	sn156
dma1625	sn209
dma1624	sn1112
dma1623	sn2556
dma1622	sn1675
dma1621	sn3800
dma1656	sn1120
dma1655	sn2852
dma1654	sn1815
dma1653	sn2909
dma1652	sn2347
dma1651	sn1680
dma1650	sn106
dma1649	sn2521
dma1648	sn31
dma1647	sn3587
dma1646	sn37
dma1668	sn2223
dma1667	sn2557
dma1666	sn1475
dma1665	sn1674
dma1663	sn1319
dma5295	sn1842
dma5294	sn1164
dma1662	sn3588
dma1661	sn391
dma1660	sn4241
dma1659	sn3194
dma1680	sn638
dma1679	sn4702
dma1678	sn2010
dma1677	sn3195
dma1675	sn1028
dma1674	sn407
dma1673	sn4386
dma1672	sn896
dma1671	sn1285
dma1670	sn3547
dma1691	sn1776
dma1690	sn4177
dma1689	sn3196
dma1688	sn2558
dma1687	sn3197
dma1686	sn959
dma1685	sn2887
dma1684	sn3683
dma1683	sn3986
dma1682	sn4275
dma1703	sn1982
dma1701	sn379
dma1699	sn2795
dma1698	sn2782
dma1697	sn1548
dma1696	sn4703
dma1695	sn2616
dma1694	sn4704
dma1716	sn2019
dma1715	sn1196
dma1714	sn3794
dma1712	sn2109
dma1711	sn459
dma1710	sn1300
dma1709	sn1636
dma1708	sn1682
dma1707	sn678
dma1706	sn1407
dma1728	sn3198
dma1726	sn1355
dma1725	sn593
dma1724	sn1079
dma1723	sn1611
dma1722	sn4160
dma1721	sn627
dma1720	sn1489
dma1719	sn4705
dma1739	sn4276
dma1738	sn960
dma1737	sn2807
dma1736	sn1949
dma1735	sn2015
dma1734	sn541
dma1733	sn2536
dma1732	sn515
dma1731	sn1956
dma1729	sn1171
dma1751	sn1478
dma1748	sn2667
dma1747	sn1709
dma1746	sn1804
dma1745	sn4450
dma1744	sn855
dma1743	sn2559
dma1742	sn2170
dma1741	sn1114
dma1763	sn1330
dma1762	sn3199
dma1761	sn84
dma1760	sn4226
dma1759	sn4441
dma1758	sn3200
dma1757	sn3937
dma1756	sn2126
dma1755	sn1967
dma1754	sn1131
dma1753	sn4232
dma1775	sn2097
dma1774	sn689
dma1773	sn1642
dma1772	sn3590
dma1770	sn1823
dma1769	sn2834
dma1768	sn1940
dma1766	sn2824
dma1765	sn867
dma1787	sn3753
dma1786	sn35
dma1784	sn3202
dma1783	sn4706
dma1782	sn3059
dma1781	sn3047
dma1780	sn3891
dma1779	sn4707
dma1778	sn4424
dma1777	sn2415
dma1799	sn3831
dma1797	sn4290
dma1796	sn814
dma1795	sn2560
dma1794	sn3203
dma1793	sn3591
dma1791	sn4402
dma1790	sn2561
dma1811	sn724
dma1809	sn3204
dma1808	sn4003
dma1807	sn2283
dma1806	sn2562
dma1805	sn738
dma1804	sn2507
dma1802	sn3205
dma1801	sn2820
dma1836	sn446
dma1834	sn840
dma1833	sn672
dma1832	sn3592
dma1831	sn2792
dma1830	sn1398
dma1829	sn3206
dma1828	sn1176
dma1848	sn3046
dma1847	sn3207
dma1846	sn4208
dma5193	sn2220
dma1845	sn3593
dma1844	sn769
dma5192	sn4435
dma1843	sn3208
dma5191	sn4301
dma5190	sn3209
dma1841	sn765
dma1840	sn1732
dma1839	sn1830
dma1838	sn317
dma1860	sn1663
dma1859	sn3210
dma1858	sn669
dma1857	sn1249
dma1856	sn4054
dma1855	sn4105
dma1854	sn439
dma1853	sn2804
dma1852	sn2163
dma1851	sn1221
dma1850	sn1543
dma1872	sn3727
dma1871	sn2271
dma1869	sn1740
dma1868	sn2682
dma1867	sn335
dma1866	sn3758
dma1864	sn1348
dma1863	sn1333
dma1862	sn3211
dma1884	sn3594
dma1883	sn3450
dma1882	sn4114
dma1881	sn2338
dma1880	sn326
dma1879	sn4280
dma1878	sn3771
dma1877	sn1132
dma1876	sn3212
dma1875	sn1500
dma1874	sn3452
dma1896	sn4708
dma1895	sn436
dma1894	sn318
dma1893	sn1980
dma1892	sn2412
dma1891	sn650
dma1889	sn2404
dma1887	sn381
dma1886	sn260
dma1908	sn744
dma1907	sn1444
dma1906	sn3213
dma1905	sn4080
dma1904	sn3670
dma1902	sn670
dma1901	sn3214
dma1900	sn3750
dma1899	sn886
dma1898	sn1520
dma1943	sn1089
dma1941	sn199
dma1939	sn4234
dma1938	sn1513
dma1937	sn3893
dma1936	sn2692
dma1934	sn3005
dma1933	sn1839
dma1955	sn2274
dma1953	sn2484
dma1952	sn1565
dma1951	sn3416
dma1950	sn1527
dma1949	sn4293
dma1948	sn2845
dma1947	sn2737
dma1946	sn3027
dma1945	sn3413
dma1967	sn2231
dma1966	sn874
dma1965	sn1985
dma1964	sn2144
dma1963	sn889
dma1962	sn1158
dma1961	sn3028
dma1960	sn107
dma1959	sn2565
dma1958	sn4463
dma1957	sn2184
dma1979	sn3453
dma1978	sn3869
dma1977	sn3665
dma1976	sn4109
dma1975	sn2343
dma1974	sn686
dma1973	sn57
dma1972	sn2341
dma1971	sn1068
dma1970	sn3216
dma1969	sn863
dma1990	sn756
dma1989	sn1365
dma1987	sn437
dma1988	sn4153
dma1986	sn1913
dma1985	sn1012
dma1984	sn2566
dma1983	sn3700
dma1982	sn643
dma1981	sn790
dma2003	sn378
dma2002	sn163
dma2000	sn2527
dma1999	sn4709
dma1998	sn1373
dma1997	sn2753
dma1996	sn1808
dma1995	sn3804
dma5291	sn2850
dma1994	sn2857
dma2015	sn2311
dma2014	sn240
dma2013	sn85
dma2012	sn2567
dma2011	sn546
dma2009	sn1554
dma5304	sn4158
dma5302	sn3217
dma2008	sn3746
dma5301	sn1308
dma2007	sn788
dma2006	sn2391
dma2005	sn704
dma2040	sn3719
dma2039	sn186
dma2038	sn4323
dma2037	sn2761
dma2036	sn2033
dma5300	sn2246
dma5298	sn2894
dma2033	sn390
dma2030	sn3076
dma2051	sn138
dma2050	sn1990
dma2049	sn3789
dma2048	sn2764
dma2047	sn3454
dma2046	sn2583
dma2045	sn2393
dma2044	sn41
dma2043	sn521
dma2042	sn1938
dma2064	sn2504
dma2063	sn1406
dma2062	sn1108
dma2061	sn1395
dma2060	sn1763
dma2059	sn3219
dma2058	sn2071
dma2057	sn774
dma2056	sn1430
dma2076	sn2866
dma2075	sn3984
dma2074	sn2057
dma2072	sn2221
dma2070	sn3455
dma2069	sn2196
dma2067	sn3220
dma2066	sn714
dma2088	sn3752
dma2086	sn2568
dma2085	sn2399
dma2084	sn2479
dma2083	sn2569
dma2082	sn1075
dma2080	sn1922
dma5164	sn2709
dma2079	sn3456
dma2078	sn450
dma2100	sn1515
dma2099	sn1848
dma2098	sn6
dma2097	sn3710
dma2095	sn4007
dma2093	sn3222
dma2092	sn4384
dma2091	sn4149
dma2090	sn3223
dma2112	sn752
dma2111	sn1299
dma2110	sn2570
dma2109	sn644
dma2108	sn4182
dma2107	sn3224
dma2106	sn4339
dma2105	sn1414
dma2104	sn2093
dma2103	sn2968
dma2102	sn2856
dma2123	sn86
dma2122	sn2907
dma2121	sn2947
dma2120	sn2206
dma2118	sn3813
dma2117	sn2308
dma2116	sn18
dma2115	sn3899
dma2114	sn821
dma2113	sn4168
dma2135	sn2812
dma2134	sn3002
dma2133	sn4138
dma2132	sn2619
dma2131	sn1832
dma2130	sn3226
dma2129	sn330
dma2128	sn1427
dma2127	sn3702
dma2125	sn919
dma2147	sn1499
dma2146	sn3595
dma2145	sn2359
dma2143	sn2351
dma2141	sn2360
dma2140	sn3596
dma2139	sn719
dma2138	sn2970
dma2137	sn113
dma2159	sn2715
dma2158	sn247
dma2157	sn4145
dma2156	sn454
dma2155	sn1561
dma2154	sn4472
dma2153	sn4289
dma2152	sn575
dma2150	sn2453
dma2149	sn2620
dma2171	sn2056
dma2170	sn2189
dma2169	sn1400
dma2167	sn3228
dma2166	sn2331
dma2165	sn1453
dma2163	sn3457
dma2162	sn728
dma2161	sn3597
dma2183	sn623
dma2182	sn1569
dma2181	sn923
dma2180	sn2982
dma2179	sn4277
dma2178	sn498
dma2177	sn1054
dma2175	sn3671
dma2174	sn208
dma2173	sn743
dma2195	sn1688
dma2194	sn4711
dma2193	sn3229
dma2192	sn1595
dma2191	sn1063
dma2190	sn1484
dma2189	sn2779
dma2188	sn1154
dma2187	sn1425
dma2186	sn785
dma2185	sn3458
dma2220	sn377
dma2219	sn162
dma2218	sn2571
dma2217	sn4237
dma2216	sn1853
dma2215	sn399
dma2214	sn2945
dma2213	sn2123
dma2212	sn2614
dma2210	sn70
dma2232	sn3459
dma2231	sn950
dma2230	sn1052
dma2229	sn3925
dma2228	sn1456
dma2227	sn289
dma2226	sn2677
dma2225	sn286
dma2224	sn2510
dma2223	sn2518
dma2222	sn1664
dma2244	sn3787
dma2243	sn4014
dma2242	sn218
dma2241	sn1619
dma2240	sn1712
dma2239	sn3806
dma2238	sn2765
dma2237	sn3461
dma2236	sn149
dma2235	sn365
dma2234	sn2269
dma2256	sn3885
dma2255	sn4146
dma2254	sn1646
dma2253	sn1976
dma2252	sn1116
dma2250	sn2232
dma2249	sn868
dma2247	sn947
dma2246	sn293
dma2268	sn1488
dma2266	sn3234
dma2265	sn3235
dma2263	sn66
dma2261	sn3236
dma2260	sn1840
dma2258	sn596
dma2280	sn1539
dma2279	sn2110
dma2278	sn793
dma2276	sn87
dma2275	sn1480
dma2274	sn3415
dma2273	sn2499
dma2272	sn2637
dma2271	sn201
dma2270	sn2790
dma2292	sn1026
dma2290	sn2954
dma2289	sn3969
dma2288	sn1618
dma2286	sn3237
dma2285	sn3598
dma2284	sn3462
dma2326	sn3810
dma2325	sn2655
dma2324	sn1305
dma2323	sn3772
dma2321	sn1957
dma2320	sn1376
dma2319	sn1369
dma2318	sn4462
dma2317	sn202
dma2339	sn2572
dma2338	sn1846
dma2337	sn1802
dma5315	sn750
dma2335	sn2573
dma2334	sn2441
dma2333	sn3239
dma2332	sn181
dma2331	sn3599
dma2330	sn4066
dma2329	sn1547
dma2351	sn3749
dma2350	sn3832
dma2349	sn2693
dma2348	sn1065
dma2346	sn1623
dma5313	sn4527
dma2345	sn4422
dma2344	sn553
dma2343	sn2831
dma2342	sn3463
dma2341	sn666
dma5312	sn2651
dma2363	sn1360
dma2362	sn849
dma2361	sn2301
dma2359	sn795
dma2358	sn3024
dma2357	sn2403
dma5311	sn1580
dma2356	sn1432
dma2355	sn2927
dma5202	sn4713
dma2354	sn2099
dma2353	sn1733
dma5310	sn1575
dma2375	sn1402
dma2374	sn4077
dma2373	sn2289
dma2372	sn1326
dma5309	sn2537
dma2371	sn1707
dma2370	sn565
dma2369	sn1298
dma2368	sn684
dma2366	sn4415
dma2365	sn715
dma2386	sn1965
dma5308	sn3240
dma2385	sn3241
dma2384	sn1290
dma2382	sn2799
dma2381	sn2159
dma2380	sn2519
dma5307	sn3773
dma2379	sn567
dma2378	sn2806
dma2377	sn3464
dma2399	sn3012
dma2397	sn1152
dma2396	sn3242
dma2394	sn4320
dma2393	sn4403
dma2392	sn2147
dma2390	sn1837
dma2389	sn1266
dma2424	sn603
dma2423	sn2070
dma2422	sn3465
dma2420	sn2079
dma2419	sn3774
dma2418	sn3246
dma2417	sn2001
dma2416	sn1919
dma2415	sn972
dma2435	sn2013
dma2434	sn1133
dma2433	sn1424
dma2432	sn4251
dma2431	sn4254
dma2430	sn4250
dma2429	sn4400
dma2428	sn2750
dma2427	sn4252
dma2426	sn1943
dma2447	sn52
dma2445	sn1001
dma2444	sn2863
dma2443	sn16
dma2442	sn3247
dma2441	sn3248
dma2439	sn237
dma2460	sn501
dma2459	sn1472
dma2458	sn3466
dma2456	sn552
dma2452	sn242
dma2451	sn3250
dma5323	sn248
dma2472	sn1471
dma2471	sn2244
dma2470	sn3251
dma2469	sn3252
dma2468	sn1186
dma2467	sn3600
dma2466	sn253
dma2465	sn2628
dma2464	sn628
dma2463	sn1672
dma2462	sn3082
dma2484	sn3253
dma2483	sn3048
dma2482	sn370
dma2481	sn3601
dma2480	sn1697
dma2479	sn3409
dma2478	sn262
dma2477	sn4392
dma2476	sn830
dma2474	sn1201
dma2496	sn2535
dma2494	sn2828
dma2493	sn4302
dma2491	sn350
dma2490	sn4716
dma2489	sn616
dma5163	sn656
dma2488	sn3820
dma2487	sn1088
dma2507	sn2016
dma2506	sn2376
dma2505	sn2310
dma2504	sn935
dma2503	sn1328
dma2502	sn238
dma2501	sn559
dma2500	sn2861
dma5322	sn1698
dma2499	sn1692
dma5183	sn1533
dma5182	sn3255
dma2498	sn792
dma2497	sn1883
dma2519	sn2282
dma2518	sn1245
dma2517	sn2671
dma5181	sn458
dma2516	sn2917
dma2515	sn3728
dma2514	sn59
dma2513	sn4189
dma2512	sn2759
dma2511	sn2936
dma2510	sn4445
dma2531	sn2776
dma2530	sn2064
dma2529	sn2992
dma2527	sn3999
dma2526	sn2871
dma2525	sn4216
dma2524	sn865
dma2523	sn1525
dma2521	sn3856
dma2543	sn2182
dma2542	sn1366
dma2541	sn2576
dma2540	sn2084
dma2539	sn1134
dma2537	sn3692
dma2535	sn2908
dma2534	sn371
dma2533	sn2841
dma2554	sn735
dma2553	sn731
dma2552	sn4303
dma2551	sn2517
dma2550	sn3538
dma2549	sn3257
dma2548	sn943
dma2547	sn2148
dma2546	sn1610
dma2567	sn798
dma2566	sn2577
dma2565	sn2445
dma5188	sn3947
dma2562	sn517
dma2561	sn3258
dma2559	sn910
dma2558	sn3259
dma2557	sn909
dma2579	sn1353
dma2576	sn4135
dma2575	sn192
dma2574	sn4304
dma2573	sn2815
dma2572	sn1166
dma2571	sn2229
dma2569	sn716
dma2602	sn4717
dma2603	sn1699
dma2600	sn1255
dma2599	sn303
dma2597	sn3013
dma2596	sn3260
dma2595	sn2361
dma2616	sn2760
dma2615	sn3467
dma2614	sn1083
dma2613	sn4718
dma2612	sn2578
dma2611	sn523
dma2610	sn3602
dma2609	sn2844
dma2608	sn460
dma2607	sn4387
dma2606	sn3261
dma2628	sn3805
dma2627	sn60
dma2626	sn2821
dma2624	sn1416
dma2623	sn3468
dma2622	sn4391
dma2619	sn214
dma2618	sn441
dma2640	sn485
dma5178	sn2631
dma2639	sn1506
dma2638	sn958
dma5321	sn3703
dma2635	sn2201
dma2634	sn1505
dma5320	sn271
dma2633	sn4211
dma2632	sn2638
dma2631	sn2169
dma2630	sn1897
dma2652	sn2898
dma2651	sn1509
dma2650	sn1231
dma2649	sn3775
dma2648	sn525
dma2647	sn1339
dma2646	sn154
dma2645	sn3263
dma2644	sn2940
dma5319	sn1392
dma2643	sn1260
dma2642	sn4719
dma2664	sn887
dma2663	sn1970
dma2662	sn702
dma2661	sn2313
dma2660	sn4396
dma2659	sn3264
dma2658	sn2513
dma2657	sn1737
dma2656	sn549
dma2655	sn584
dma2676	sn88
dma2675	sn1671
dma2674	sn1479
dma2673	sn682
dma2672	sn1372
dma2671	sn3980
dma2670	sn2251
dma2669	sn2751
dma2668	sn3837
dma2667	sn3604
dma2666	sn2943
dma2711	sn3265
dma2710	sn4426
dma2709	sn713
dma2708	sn1095
dma2707	sn1431
dma2705	sn536
dma2704	sn2579
dma2703	sn3266
dma2702	sn3267
dma2701	sn882
dma2723	sn65
dma2722	sn1716
dma2721	sn3830
dma2720	sn2427
dma2719	sn3268
dma2718	sn7
dma2717	sn382
dma2716	sn1744
dma2714	sn1160
dma2713	sn4473
dma2735	sn857
dma2734	sn4436
dma2733	sn117
dma2732	sn1225
dma2731	sn771
dma2730	sn4383
dma2729	sn1344
dma2728	sn1135
dma2727	sn4102
dma2725	sn1974
dma2747	sn4330
dma2746	sn3469
dma2745	sn2139
dma2744	sn4249
dma2743	sn975
dma2742	sn3470
dma2741	sn4379
dma2740	sn1880
dma2739	sn4074
dma2738	sn595
dma2737	sn2187
dma2759	sn4188
dma2758	sn354
dma2757	sn1935
dma2756	sn1364
dma2755	sn1944
dma2753	sn1287
dma2752	sn996
dma2751	sn2580
dma2750	sn4720
dma2770	sn800
dma2769	sn629
dma2768	sn4721
dma2766	sn1809
dma2765	sn3075
dma2764	sn2276
dma2763	sn276
dma2762	sn1975
dma2783	sn697
dma2781	sn1545
dma2780	sn3269
dma2779	sn2
dma2778	sn2668
dma2776	sn2461
dma2775	sn1136
dma2774	sn108
dma2773	sn2041
dma2808	sn115
dma2807	sn2225
dma2806	sn81
dma2804	sn4440
dma2803	sn1861
dma2802	sn3605
dma2801	sn1721
dma2800	sn3474
dma2799	sn1694
dma2798	sn363
dma2820	sn2132
dma2819	sn3475
dma2817	sn3776
dma2816	sn225
dma2815	sn4197
dma2814	sn3829
dma2813	sn4722
dma2812	sn3861
dma5201	sn2636
dma2811	sn3793
dma2810	sn3729
dma2832	sn671
dma2831	sn4723
dma2830	sn3814
dma2829	sn730
dma2828	sn767
dma2826	sn3270
dma2825	sn3271
dma2824	sn1532
dma2822	sn496
dma2844	sn3272
dma2843	sn4286
dma2842	sn3274
dma2841	sn2125
dma2840	sn1170
dma2839	sn1270
dma2838	sn1276
dma2836	sn847
dma2835	sn954
dma2834	sn2260
dma2856	sn3275
dma2854	sn2763
dma2853	sn2854
dma2852	sn3541
dma2851	sn1182
dma2850	sn832
dma2848	sn4315
dma2847	sn3276
dma2868	sn3277
dma2867	sn1954
dma2866	sn2891
dma2865	sn4051
dma2864	sn2440
dma2862	sn4724
dma2861	sn2049
dma2860	sn2716
dma2859	sn1137
dma2858	sn3942
dma2880	sn4419
dma2878	sn688
dma2877	sn1179
dma2876	sn664
dma2875	sn2581
dma2874	sn733
dma2873	sn768
dma2872	sn945
dma2871	sn4023
dma2870	sn3796
dma2891	sn4154
dma2890	sn2198
dma2889	sn2429
dma2888	sn543
dma2886	sn1036
dma2885	sn251
dma2884	sn3539
dma2883	sn4414
dma2882	sn1574
dma2881	sn3704
dma2903	sn233
dma2902	sn741
dma2901	sn4421
dma2900	sn307
dma2899	sn2150
dma2896	sn4164
dma2894	sn3915
dma2893	sn4240
dma2915	sn3476
dma2914	sn3278
dma2913	sn1841
dma2912	sn4485
dma2910	sn2176
dma2909	sn1917
dma2908	sn4305
dma2907	sn4446
dma2906	sn2305
dma2905	sn4255
dma2927	sn2366
dma2926	sn2242
dma2925	sn1700
dma2923	sn3000
dma2922	sn3280
dma2921	sn132
dma2920	sn2805
dma2919	sn1313
dma2918	sn3730
dma2939	sn3786
dma2938	sn423
dma2937	sn3281
dma2936	sn2505
dma2935	sn3282
dma2934	sn3606
dma2933	sn1748
dma2932	sn420
dma2931	sn3477
dma2930	sn3607
dma2929	sn1681
dma2951	sn4209
dma2950	sn126
dma2949	sn1329
dma2948	sn1361
dma2947	sn4725
dma2946	sn466
dma2943	sn2121
dma2941	sn401
dma2963	sn2024
dma2962	sn2210
dma2960	sn3608
dma2958	sn2771
dma2957	sn3715
dma2956	sn3478
dma2955	sn2457
dma2953	sn1169
dma2988	sn2528
dma2986	sn3283
dma2985	sn2065
dma2984	sn2986
dma2983	sn1464
dma2982	sn573
dma2981	sn4231
dma2980	sn3998
dma2979	sn2870
dma2978	sn4213
dma3000	sn3920
dma2999	sn864
dma2998	sn1717
dma2997	sn2508
dma2996	sn2712
dma2995	sn893
dma2994	sn4388
dma2993	sn2582
dma2992	sn1336
dma2991	sn3479
dma2990	sn717
dma3012	sn3610
dma3011	sn4726
dma3010	sn4412
dma3009	sn1863
dma3008	sn3932
dma3007	sn2650
dma3006	sn49
dma3005	sn3678
dma3004	sn846
dma3003	sn1504
dma3002	sn1907
dma3024	sn2374
dma3023	sn4131
dma3022	sn1572
dma3021	sn2772
dma3020	sn2843
dma3019	sn27
dma3018	sn2100
dma3017	sn604
dma3015	sn825
dma3014	sn2233
dma5218	sn2234
dma3036	sn2766
dma3035	sn2238
dma3034	sn2654
dma3033	sn1485
dma3032	sn3875
dma3031	sn2680
dma3030	sn1138
dma3028	sn4460
dma3027	sn3009
dma3026	sn1834
dma3048	sn89
dma3047	sn2433
dma3046	sn982
dma3045	sn1577
dma3044	sn2151
dma3042	sn571
dma3041	sn90
dma3040	sn343
dma3039	sn4727
dma3038	sn4163
dma3060	sn2406
dma3059	sn3480
dma3058	sn3481
dma3057	sn5
dma3056	sn1624
dma3055	sn373
dma3054	sn4728
dma3053	sn396
dma3052	sn473
dma3050	sn3985
dma3095	sn4174
dma3093	sn2442
dma3092	sn1139
dma3091	sn2496
dma3090	sn2410
dma3089	sn3284
dma3088	sn1745
dma3087	sn2186
dma3086	sn3285
dma3085	sn3014
dma3107	sn4474
dma3105	sn2862
dma3104	sn2384
dma3103	sn4468
dma3102	sn3867
dma3101	sn2584
dma3100	sn1593
dma3099	sn4729
dma3098	sn880
dma3097	sn3033
dma3119	sn3286
dma3118	sn2078
dma3117	sn2035
dma3116	sn1203
dma3115	sn3611
dma3114	sn4341
dma3113	sn1906
dma3112	sn2967
dma3111	sn701
dma3110	sn631
dma3109	sn282
dma3131	sn4148
dma3130	sn2472
dma3129	sn3287
dma3128	sn3288
dma3127	sn1258
dma3126	sn2436
dma3125	sn1261
dma3124	sn3289
dma3123	sn613
dma3122	sn2629
dma3121	sn256
dma3143	sn3050
dma3141	sn3051
dma3140	sn2183
dma3139	sn4730
dma3138	sn2775
dma3137	sn3791
dma3136	sn4110
dma3135	sn3290
dma3134	sn91
dma3133	sn3291
dma3155	sn3872
dma3154	sn1817
dma3153	sn803
dma3152	sn32
dma3151	sn4407
dma3150	sn2059
dma3149	sn3957
dma3147	sn3482
dma3146	sn92
dma3145	sn3292
dma3167	sn2904
dma3166	sn3483
dma3165	sn109
dma3164	sn3695
dma3163	sn1338
dma3162	sn195
dma3161	sn2840
dma3160	sn1503
dma3159	sn472
dma3158	sn677
dma3157	sn398
dma3192	sn2644
dma3191	sn4318
dma3190	sn3030
dma3189	sn2585
dma3188	sn2388
dma3187	sn509
dma3186	sn836
dma3185	sn1771
dma3184	sn228
dma3183	sn1666
dma3182	sn2032
dma3204	sn622
dma3203	sn1669
dma3202	sn3294
dma3201	sn2058
dma3200	sn3731
dma3199	sn2708
dma3198	sn754
dma3195	sn927
dma3194	sn3484
dma3216	sn1094
dma3215	sn410
dma3214	sn356
dma3213	sn353
dma3209	sn3295
dma3208	sn3485
dma3207	sn3061
dma3206	sn2368
dma3228	sn1346
dma3227	sn884
dma3226	sn4731
dma3225	sn1309
dma3224	sn1831
dma3223	sn3296
dma3222	sn2370
dma3221	sn4340
dma3220	sn3486
dma3219	sn548
dma3218	sn4418
dma3240	sn3297
dma3239	sn1658
dma3238	sn129
dma3237	sn3298
dma3236	sn1303
dma3235	sn2777
dma3234	sn4178
dma3233	sn2586
dma3231	sn522
dma3252	sn4420
dma3251	sn3302
dma3250	sn2858
dma3249	sn1882
dma3248	sn3487
dma3247	sn4157
dma3246	sn1140
dma3245	sn4376
dma3243	sn1391
dma3242	sn1163
dma3263	sn3972
dma3262	sn1115
dma3261	sn2259
dma3259	sn1445
dma3258	sn314
dma3257	sn4139
dma3256	sn2587
dma3255	sn3052
dma3254	sn3488
dma3275	sn1559
dma3274	sn2193
dma3273	sn4
dma3272	sn217
dma3271	sn4433
dma3270	sn1351
dma3269	sn3489
dma3268	sn619
dma3267	sn2365
dma3266	sn341
dma3287	sn1141
dma3286	sn1412
dma3285	sn2247
dma3284	sn4166
dma3283	sn3889
dma3282	sn3490
dma5217	sn1634
dma3281	sn3006
dma3280	sn4393
dma3278	sn1645
dma3277	sn1419
dma3297	sn2390
dma5236	sn694
dma3296	sn2946
dma3295	sn3303
dma3294	sn2194
dma3293	sn375
dma3292	sn3043
dma3291	sn1549
dma3290	sn358
dma3289	sn2803
dma3310	sn2588
dma3309	sn1142
dma3307	sn3491
dma3306	sn2875
dma3304	sn261
dma3303	sn3612
dma3302	sn1641
dma3301	sn4009
dma3323	sn1283
dma3322	sn2042
dma3321	sn3057
dma3320	sn211
dma3318	sn3613
dma3317	sn2951
dma3316	sn1734
dma3313	sn2589
dma3334	sn2590
dma3333	sn2809
dma3332	sn1784
dma3331	sn1240
dma3330	sn3492
dma3329	sn4012
dma3328	sn1090
dma3327	sn2591
dma3326	sn321
dma3346	sn3777
dma3345	sn828
dma3344	sn742
dma3343	sn4382
dma3342	sn1562
dma3341	sn1049
dma5362	sn1050
dma3340	sn529
dma3338	sn3304
dma3337	sn572
dma3372	sn1101
dma3371	sn1648
dma3370	sn568
dma3369	sn1316
dma3368	sn308
dma3367	sn3974
dma3366	sn3305
dma3365	sn1718
dma3364	sn4398
dma3363	sn1429
dma3362	sn464
dma3384	sn775
dma3383	sn4004
dma3381	sn1857
dma3380	sn563
dma3378	sn1074
dma3377	sn739
dma3376	sn602
dma3375	sn4081
dma3374	sn2770
dma3396	sn2592
dma3395	sn2281
dma3393	sn447
dma3392	sn58
dma3391	sn1143
dma3390	sn970
dma3389	sn2918
dma3388	sn3900
dma3386	sn272
dma3408	sn19
dma3406	sn1835
dma3405	sn3493
dma3402	sn4001
dma3401	sn2666
dma3400	sn583
dma3399	sn764
dma3398	sn2988
dma3420	sn494
dma3418	sn3901
dma3417	sn3543
dma3416	sn2842
dma3415	sn2167
dma3414	sn1222
dma3413	sn1989
dma3412	sn1770
dma3411	sn505
dma3410	sn2793
dma3432	sn4010
dma3431	sn961
dma3430	sn712
dma3429	sn736
dma3427	sn3494
dma3426	sn2690
dma3425	sn1643
dma3424	sn2469
dma3423	sn3912
dma3444	sn4228
dma3442	sn3672
dma3441	sn4227
dma3440	sn3966
dma3439	sn3306
dma3438	sn110
dma3437	sn550
dma3436	sn3495
dma3435	sn3307
dma3434	sn653
dma3479	sn3308
dma3477	sn2051
dma3476	sn4451
dma3475	sn4150
dma3474	sn3496
dma3473	sn592
dma3472	sn763
dma3471	sn3705
dma3470	sn1247
dma3491	sn577
dma3490	sn4734
dma3489	sn4346
dma3488	sn740
dma3485	sn1746
dma3484	sn3497
dma3483	sn4267
dma3482	sn3996
dma3503	sn723
dma3501	sn3309
dma3500	sn3310
dma3499	sn4133
dma3498	sn2784
dma3497	sn808
dma3496	sn2014
dma3494	sn1647
dma3493	sn3696
dma3515	sn3733
dma3514	sn3311
dma3513	sn3312
dma3512	sn24
dma3511	sn542
dma3510	sn3314
dma3509	sn3315
dma3508	sn2864
dma3507	sn3905
dma3506	sn835
dma3505	sn2039
dma3527	sn810
dma3526	sn4042
dma3523	sn185
dma3520	sn1628
dma3519	sn1703
dma3518	sn3759
dma3517	sn2942
dma3539	sn3316
dma3538	sn1269
dma3536	sn3993
dma3535	sn1492
dma3534	sn2719
dma3533	sn1887
dma3532	sn2594
dma3531	sn1657
dma3529	sn1459
dma3551	sn2948
dma3549	sn3317
dma3548	sn43
dma3547	sn294
dma3546	sn431
dma3545	sn2625
dma3544	sn796
dma3543	sn451
dma5361	sn3318
dma3541	sn2030
dma3576	sn2726
dma3575	sn3614
dma3574	sn2640
dma3573	sn461
dma3572	sn4292
dma3571	sn695
dma3569	sn1448
dma3568	sn2188
dma3567	sn1291
dma3588	sn3997
dma3587	sn3871
dma3586	sn196
dma3585	sn4162
dma3584	sn2978
dma3583	sn265
dma3582	sn2501
dma3581	sn2783
dma3580	sn807
dma3579	sn2037
dma3578	sn2418
dma3599	sn1662
dma3598	sn1614
dma3597	sn4306
dma3596	sn388
dma3595	sn4270
dma3594	sn2976
dma3593	sn4571
dma3592	sn56
dma3590	sn1295
dma3612	sn1866
dma3611	sn2683
dma3610	sn4448
dma3609	sn3321
dma3608	sn3616
dma3607	sn813
dma5235	sn957
dma5234	sn1951
dma3606	sn1871
dma3605	sn2372
dma3604	sn665
dma3602	sn3031
dma3624	sn3322
dma3623	sn2652
dma3622	sn319
dma3620	sn2217
dma3619	sn1466
dma3618	sn1411
dma5233	sn2473
dma3617	sn645
dma3616	sn3617
dma3615	sn2595
dma3614	sn383
dma3636	sn2868
dma3634	sn2646
dma3633	sn3618
dma3632	sn285
dma3631	sn2357
dma3630	sn2130
dma3629	sn802
dma3628	sn966
dma3627	sn465
dma3626	sn3323
dma3648	sn1689
dma3647	sn4416
dma3646	sn1934
dma3645	sn787
dma3644	sn3930
dma3643	sn586
dma3642	sn301
dma3641	sn3619
dma3640	sn693
dma3639	sn2476
dma3638	sn3620
dma3658	sn4735
dma3657	sn2662
dma3656	sn1354
dma3655	sn2043
dma3653	sn1937
dma3652	sn3668
dma3651	sn3324
dma3650	sn1925
dma3649	sn1772
dma3671	sn1405
dma3669	sn1177
dma3668	sn1821
dma3667	sn477
dma3666	sn1467
dma3665	sn2462
dma3663	sn2364
dma3662	sn2685
dma3661	sn1062
dma3683	sn844
dma3682	sn3549
dma3681	sn3852
dma3680	sn2076
dma3679	sn646
dma5316	sn3621
dma3677	sn1730
dma3676	sn1455
dma3675	sn1829
dma3674	sn3326
dma3695	sn3498
dma3694	sn3327
dma3693	sn2431
dma3692	sn993
dma3691	sn2949
dma3690	sn2950
dma3689	sn3622
dma3688	sn1581
dma3687	sn913
dma3686	sn3328
dma3707	sn1526
dma3706	sn2855
dma3705	sn1189
dma3704	sn3079
dma3703	sn1183
dma3702	sn3712
dma3701	sn3735
dma3700	sn3623
dma3699	sn2512
dma3698	sn3895
dma5332	sn3329
dma3697	sn4490
dma3718	sn4439
dma3717	sn4076
dma3715	sn68
dma3714	sn647
dma3713	sn3062
dma3712	sn1788
dma3711	sn1858
dma3710	sn3330
dma3709	sn3417
dma3731	sn1426
dma3730	sn3834
dma3728	sn2077
dma3727	sn1272
dma3726	sn1437
dma3725	sn2939
dma3724	sn153
dma3722	sn3991
dma3721	sn3736
dma3756	sn2642
dma3755	sn3331
dma3754	sn3673
dma3753	sn2660
dma3751	sn1868
dma3750	sn1568
dma3749	sn3332
dma3748	sn1265
dma3747	sn2523
dma3746	sn4736
dma3767	sn11
dma3766	sn3760
dma3765	sn349
dma3764	sn259
dma3763	sn3500
dma3762	sn978
dma3761	sn2266
dma3760	sn1410
dma3759	sn2969
dma3758	sn4248
dma3780	sn111
dma3778	sn984
dma3777	sn1259
dma3775	sn492
dma3774	sn992
dma3773	sn1747
dma3772	sn2302
dma3771	sn3625
dma3770	sn1983
dma3792	sn2061
dma3791	sn3333
dma3790	sn1875
dma3789	sn511
dma3788	sn2174
dma3787	sn3334
dma3786	sn4128
dma3785	sn4410
dma3784	sn1460
dma3783	sn3080
dma3782	sn560
dma3803	sn4083
dma3802	sn663
dma3801	sn3502
dma3800	sn1380
dma3799	sn1590
dma3798	sn1507
dma3796	sn130
dma3794	sn3335
dma3816	sn2813
dma3815	sn3336
dma3814	sn3337
dma3813	sn956
dma3812	sn599
dma3811	sn2161
dma3810	sn1202
dma3809	sn2526
dma3808	sn4314
dma3807	sn1961
dma3806	sn1289
dma3828	sn4045
dma3827	sn3828
dma3826	sn3989
dma3825	sn900
dma3824	sn3626
dma3823	sn1185
dma3822	sn36
dma3821	sn969
dma3820	sn2270
dma3819	sn2446
dma3818	sn3627
dma3863	sn3338
dma3861	sn2892
dma3860	sn3339
dma3859	sn4457
dma3858	sn3340
dma3857	sn2966
dma3856	sn2597
dma3855	sn3503
dma3853	sn1844
dma3875	sn2468
dma3874	sn3628
dma3873	sn3504
dma3872	sn2974
dma3871	sn1144
dma3870	sn1796
dma3869	sn224
dma3868	sn3341
dma3867	sn1111
dma3866	sn3721
dma3865	sn4447
dma3887	sn2817
dma3886	sn819
dma3885	sn357
dma3884	sn852
dma3883	sn1630
dma3882	sn2773
dma3881	sn2145
dma3880	sn1932
dma3879	sn3935
dma3878	sn3908
dma3877	sn1188
dma3899	sn2066
dma3898	sn3407
dma3897	sn3799
dma3896	sn213
dma3895	sn1454
dma3893	sn606
dma3892	sn493
dma3891	sn1495
dma3890	sn4438
dma3889	sn4185
dma3911	sn2825
dma3909	sn1555
dma3908	sn789
dma3906	sn598
dma3905	sn703
dma3904	sn3737
dma3903	sn2869
dma3902	sn1986
dma3901	sn845
dma3923	sn3629
dma3920	sn971
dma3919	sn632
dma3918	sn2749
dma3917	sn2214
dma4193	sn4097
dma3935	sn2318
dma3934	sn1916
dma3933	sn4491
dma3932	sn2810
dma3931	sn3630
dma5328	sn3344
dma3930	sn1370
dma5327	sn4193
dma3928	sn502
dma3927	sn1836
dma3926	sn938
dma3925	sn1608
dma3960	sn3738
dma3959	sn1743
dma3958	sn3811
dma3957	sn2031
dma3955	sn749
dma3954	sn1752
dma3953	sn1753
dma3952	sn2979
dma3951	sn3348
dma3950	sn3739
dma3972	sn4737
dma3971	sn648
dma3970	sn264
dma5200	sn3535
dma3968	sn187
dma3967	sn2890
dma3966	sn93
dma5326	sn554
dma3965	sn183
dma3964	sn3349
dma3963	sn263
dma5325	sn901
dma3984	sn504
dma3983	sn3505
dma3981	sn3778
dma3980	sn667
dma3979	sn222
dma3977	sn2349
dma3976	sn2665
dma3975	sn3987
dma3974	sn1576
dma3996	sn4078
dma3995	sn2287
dma3994	sn4738
dma3993	sn1301
dma3992	sn2710
dma3991	sn2957
dma3990	sn2166
dma3989	sn1600
dma3988	sn564
dma3987	sn3684
dma3986	sn3944
dma4008	sn1377
dma4007	sn2268
dma4006	sn2135
dma5324	sn112
dma4005	sn605
dma4003	sn746
dma4002	sn1006
dma4001	sn3807
dma4000	sn424
dma3999	sn574
dma3998	sn3674
dma5343	sn4019
dma4020	sn1191
dma4019	sn1067
dma4018	sn1620
dma4017	sn2598
dma4016	sn4739
dma4015	sn4359
dma4012	sn1777
dma4011	sn3827
dma5340	sn2727
dma4010	sn3779
dma4032	sn1474
dma4030	sn438
dma4028	sn2288
dma4027	sn2599
dma4026	sn3815
dma4025	sn2323
dma4024	sn691
dma4023	sn1051
dma4022	sn3836
dma4043	sn885
dma4042	sn2755
dma4041	sn4173
dma4040	sn2009
dma4037	sn2379
dma4035	sn3706
dma4033	sn94
dma5339	sn1904
dma4055	sn1660
dma4054	sn924
dma4053	sn3631
dma4052	sn67
dma4051	sn3632
dma4050	sn4489
dma4048	sn1470
dma4047	sn3350
dma4046	sn1238
dma4045	sn1876
dma4067	sn2525
dma4066	sn888
dma4063	sn1037
dma4062	sn1741
dma4059	sn2956
dma4058	sn4740
dma4057	sn3855
dma4079	sn3506
dma4077	sn3351
dma4076	sn3634
dma4075	sn3707
dma4074	sn633
dma4073	sn1588
dma4071	sn1945
dma4070	sn4741
dma4069	sn1106
dma4091	sn2997
dma4089	sn1059
dma4087	sn1483
dma4086	sn3708
dma4085	sn2600
dma4084	sn1118
dma4083	sn302
dma4082	sn1727
dma4081	sn2789
dma4102	sn917
dma4101	sn429
dma4100	sn3635
dma4098	sn166
dma4096	sn1977
dma4095	sn2053
dma4094	sn2172
dma4093	sn786
dma4115	sn2720
dma4113	sn2092
dma4112	sn3686
dma4111	sn883
dma4110	sn2038
dma4109	sn2916
dma4108	sn418
dma4106	sn3698
dma4105	sn4742
dma4140	sn3636
dma4139	sn1822
dma4138	sn2107
dma4137	sn2180
dma4130	sn2902
dma4152	sn4743
dma4151	sn4375
dma4150	sn1979
dma4149	sn899
dma4148	sn805
dma4147	sn3863
dma4146	sn773
dma5338	sn4024
dma4144	sn1893
dma4143	sn1981
dma4142	sn1172
dma4164	sn2192
dma4163	sn4225
dma4162	sn8
dma4161	sn1070
dma4160	sn3352
dma4158	sn408
dma4157	sn937
dma4156	sn1627
dma4155	sn3053
dma4154	sn3948
dma4176	sn3995
dma4174	sn4390
dma4173	sn3781
dma4172	sn925
dma4171	sn1331
dma4170	sn3890
dma4169	sn2117
dma4168	sn2694
dma4167	sn4423
dma4166	sn2297
dma4187	sn3894
dma4186	sn3353
dma4185	sn732
dma4184	sn144
dma4182	sn780
dma4181	sn3782
dma4180	sn1233
dma4179	sn2704
dma4178	sn298
dma4199	sn4477
dma4198	sn3022
dma4196	sn3354
dma4195	sn3762
dma4192	sn4744
dma4191	sn2325
dma4190	sn3722
dma4211	sn369
dma4210	sn397
dma4209	sn3026
dma4208	sn3637
dma4206	sn4454
dma4205	sn2230
dma4204	sn3507
dma4203	sn4235
dma4202	sn2601
dma4247	sn3011
dma4246	sn3355
dma4245	sn95
dma4244	sn4047
dma4243	sn3740
dma4241	sn675
dma4240	sn135
dma4239	sn3508
dma4238	sn915
dma4237	sn934
dma4259	sn783
dma4258	sn325
dma5337	sn2915
dma4257	sn4238
dma4256	sn2190
dma4255	sn2602
dma5177	sn2731
dma5336	sn589
dma4253	sn4091
dma4252	sn1621
dma4251	sn1165
dma4250	sn467
dma4271	sn339
dma4270	sn2322
dma4269	sn4325
dma4268	sn4324
dma4267	sn4322
dma4266	sn869
dma4265	sn2367
dma4264	sn3783
dma4263	sn3675
dma4262	sn4307
dma4261	sn3356
dma4283	sn3406
dma4282	sn3689
dma4281	sn1241
dma4280	sn618
dma4279	sn33
dma4277	sn1691
dma4276	sn1008
dma4275	sn165
dma4274	sn1978
dma4273	sn283
dma4295	sn634
dma4294	sn2006
dma4293	sn1604
dma4292	sn14
dma4291	sn3358
dma4290	sn2676
dma4289	sn891
dma4288	sn1603
dma4287	sn220
dma4286	sn4594
dma4285	sn3359
dma4307	sn3360
dma4306	sn921
dma4305	sn1198
dma4304	sn508
dma4303	sn131
dma4302	sn2340
dma4301	sn3361
dma4300	sn2958
dma4299	sn2679
dma4298	sn1921
dma4297	sn3362
dma4319	sn601
dma4318	sn470
dma4317	sn3639
dma4315	sn3363
dma4313	sn4204
dma4312	sn4175
dma4311	sn1690
dma4310	sn1081
dma4309	sn315
dma4344	sn2938
dma4342	sn3510
dma4341	sn3680
dma4340	sn2860
dma4338	sn2914
dma4337	sn4459
dma4336	sn3364
dma4335	sn2050
dma4334	sn3017
dma4356	sn2849
dma4355	sn3640
dma4353	sn2867
dma4352	sn2675
dma4351	sn4358
dma4350	sn252
dma4349	sn3068
dma4348	sn4465
dma4347	sn226
dma4346	sn2115
dma4368	sn1781
dma4367	sn654
dma4366	sn2725
dma5335	sn3365
dma4365	sn2235
dma4363	sn4184
dma4362	sn981
dma4361	sn386
dma4360	sn3366
dma4359	sn2781
dma4380	sn3511
dma4379	sn345
dma4378	sn2113
dma4377	sn1252
dma4376	sn1399
dma4375	sn3641
dma4374	sn4220
dma4373	sn2656
dma4372	sn3512
dma4370	sn284
dma4392	sn2227
dma4391	sn1640
dma4390	sn776
dma4388	sn119
dma4387	sn1926
dma4386	sn755
dma4385	sn1579
dma4384	sn1145
dma4383	sn562
dma4382	sn939
dma4404	sn3367
dma4403	sn1458
dma4402	sn269
dma4401	sn588
dma4399	sn2438
dma4398	sn3994
dma4397	sn2401
dma4396	sn3812
dma4395	sn2847
dma4394	sn2935
dma4416	sn392
dma4415	sn3368
dma4414	sn600
dma4413	sn2832
dma4412	sn44
dma4411	sn3784
dma4410	sn1087
dma4409	sn313
dma4407	sn1013
dma4406	sn2497
dma5334	sn4308
dma4427	sn3819
dma4426	sn2209
dma4425	sn3754
dma4423	sn4745
dma4422	sn4746
dma4421	sn1677
dma4420	sn918
dma4419	sn948
dma4418	sn1317
dma4417	sn3643
dma4439	sn3420
dma4438	sn777
dma4437	sn3370
dma4436	sn4295
dma4435	sn1009
dma4434	sn2320
dma4433	sn4747
dma4431	sn1553
dma4429	sn453
dma4451	sn2060
dma4450	sn2382
dma4449	sn3371
dma4448	sn3372
dma4447	sn3792
dma4446	sn1910
dma4444	sn1792
dma4443	sn1468
dma4442	sn1558
dma4441	sn1999
dma4462	sn837
dma4461	sn2162
dma4460	sn965
dma4459	sn1441
dma4458	sn17
dma4457	sn557
dma4456	sn2291
dma4455	sn1602
dma4454	sn1542
dma4453	sn2798
dma4474	sn639
dma4473	sn1625
dma4472	sn96
dma4471	sn2286
dma4470	sn2011
dma4469	sn231
dma4467	sn3741
dma4466	sn3742
dma5198	sn1337
dma4486	sn1476
dma4485	sn3681
dma4484	sn1540
dma4483	sn3644
dma4482	sn1359
dma4481	sn2653
dma4480	sn3373
dma4479	sn801
dma4478	sn4748
dma4477	sn372
dma4499	sn534
dma4498	sn2239
dma4496	sn1827
dma4495	sn3921
dma4494	sn2199
dma4493	sn842
dma4492	sn3679
dma4490	sn1343
dma4489	sn299
dma4524	sn2941
dma4523	sn2500
dma4522	sn2444
dma4520	sn430
dma4519	sn4313
dma4518	sn3514
dma4517	sn147
dma4516	sn3374
dma4515	sn1
dma4514	sn3375
dma4536	sn877
dma4535	sn2816
dma4534	sn1578
dma4533	sn1104
dma4531	sn514
dma4530	sn831
dma4529	sn4360
dma4528	sn151
dma4527	sn3376
dma4526	sn53
dma4548	sn1607
dma4547	sn3377
dma4546	sn200
dma4545	sn3515
dma4544	sn2965
dma4542	sn2096
dma4541	sn952
dma5333	sn4749
dma4540	sn2736
dma4539	sn581
dma5352	sn4442
dma4538	sn988
dma4560	sn3645
dma4559	sn449
dma4558	sn4198
dma4557	sn1044
dma4555	sn4750
dma4554	sn3850
dma4553	sn3545
dma4551	sn1878
dma4550	sn1725
dma4572	sn4751
dma4571	sn1312
dma4570	sn3690
dma4569	sn2316
dma4568	sn3378
dma5197	sn3824
dma4567	sn1571
dma4566	sn3788
dma4565	sn1936
dma4564	sn2801
dma4563	sn3516
dma4562	sn3825
dma4584	sn3379
dma4583	sn4008
dma4581	sn2994
dma4580	sn1930
dma4579	sn3410
dma4577	sn1631
dma4576	sn1393
dma5207	sn2118
dma5206	sn2808
dma4575	sn4013
dma4574	sn3065
dma4596	sn4431
dma4595	sn1905
dma4594	sn3380
dma4593	sn811
dma4592	sn1728
dma4591	sn1061
dma4590	sn1187
dma4589	sn2240
dma4588	sn305
dma4587	sn1387
dma4631	sn2329
dma4628	sn1214
dma4626	sn1200
dma4625	sn3054
dma4624	sn2603
dma4623	sn193
dma5205	sn3517
dma4621	sn2460
dma4643	sn2258
dma4642	sn3381
dma4640	sn2277
dma4639	sn3646
dma4638	sn2604
dma4637	sn1599
dma4636	sn1598
dma4635	sn929
dma4634	sn1156
dma4633	sn3967
dma4654	sn2999
dma4653	sn3518
dma4652	sn555
dma4651	sn1055
dma4650	sn4233
dma4649	sn3025
dma4648	sn3790
dma4647	sn1502
dma4646	sn4316
dma4645	sn3743
dma4667	sn3841
dma4666	sn3873
dma4664	sn607
dma4663	sn1433
dma4662	sn2648
dma4661	sn2157
dma4660	sn3382
dma4659	sn1494
dma4658	sn491
dma4657	sn2605
dma4679	sn2407
dma4678	sn4230
dma4677	sn268
dma4676	sn3916
dma4674	sn1782
dma4673	sn4321
dma4672	sn2774
dma4671	sn547
dma4670	sn2606
dma4669	sn2515
dma4691	sn347
dma4690	sn3647
dma4689	sn3685
dma4688	sn3785
dma4686	sn1147
dma4685	sn376
dma4684	sn1923
dma4683	sn1057
dma4682	sn141
dma4703	sn676
dma4701	sn655
dma4700	sn1195
dma4698	sn2243
dma4697	sn189
dma4696	sn1901
dma4694	sn121
dma4693	sn3954
dma4728	sn1071
dma4726	sn3648
dma4725	sn2328
dma4724	sn2306
dma4722	sn854
dma4721	sn871
dma4720	sn1148
dma4719	sn1010
dma4718	sn179
dma4740	sn2371
dma4739	sn2257
dma4738	sn2075
dma4737	sn3383
dma4736	sn4147
dma4735	sn3649
dma4733	sn2124
dma4732	sn1278
dma4731	sn2879
dma4730	sn2373
dma4752	sn1517
dma4751	sn2534
dma4750	sn1546
dma4749	sn3650
dma4748	sn1413
dma4747	sn2454
dma4746	sn4397
dma4745	sn351
dma4744	sn2128
dma4743	sn389
dma4742	sn690
dma4764	sn1912
dma4762	sn3384
dma4761	sn578
dma4760	sn1421
dma4759	sn1029
dma4758	sn2802
dma4757	sn4336
dma4754	sn1149
dma4776	sn2046
dma4775	sn2398
dma4774	sn2137
dma4773	sn2138
dma4772	sn2495
dma4771	sn3519
dma4770	sn1514
dma4769	sn1209
dma4768	sn1567
dma4767	sn989
dma4766	sn1227
dma4788	sn3520
dma4787	sn3651
dma5229	sn1790
dma4786	sn1161
dma4785	sn1229
dma4784	sn500
dma4783	sn964
dma4782	sn1613
dma4781	sn4378
dma4780	sn1099
dma4778	sn2158
dma4800	sn3870
dma4799	sn3521
dma4798	sn167
dma4797	sn1388
dma4796	sn3387
dma4795	sn2381
dma4794	sn288
dma4793	sn2021
dma4792	sn3388
dma4791	sn635
dma4790	sn2054
dma4811	sn2103
dma4810	sn4161
dma4809	sn258
dma4808	sn3845
dma4807	sn748
dma4806	sn3072
dma4805	sn1385
dma4804	sn3389
dma4803	sn2989
dma4802	sn2392
dma4801	sn2256
dma4823	sn2735
dma4821	sn1739
dma4820	sn1150
dma4819	sn3522
dma4818	sn3744
dma4817	sn3015
dma4816	sn3853
dma4815	sn3652
dma5227	sn1958
dma4813	sn1085
dma4835	sn3956
dma4833	sn4103
dma4832	sn1988
dma4831	sn2960
dma4830	sn2748
dma4829	sn1180
dma4828	sn4017
dma4827	sn2713
dma4826	sn2389
dma4825	sn3390
dma4847	sn2903
dma4846	sn3391
dma4845	sn3694
dma4844	sn12
dma4843	sn1984
dma4841	sn3697
dma4840	sn61
dma4839	sn955
dma4838	sn2608
dma4837	sn3523
dma4859	sn2609
dma4858	sn3524
dma4857	sn4268
dma4856	sn304
dma4855	sn2900
dma4853	sn820
dma4852	sn1820
dma4851	sn2131
dma4850	sn427
dma4849	sn1422
dma4871	sn1750
dma4870	sn1971
dma4869	sn2025
dma4868	sn1368
dma4867	sn2045
dma4866	sn2309
dma4865	sn2304
dma4863	sn3653
dma4862	sn1216
dma4861	sn1597
dma4883	sn931
dma4882	sn3798
dma4881	sn1151
dma4880	sn537
dma4879	sn232
dma4878	sn406
dma4877	sn3795
dma4876	sn994
dma4875	sn468
dma4874	sn1496
dma4873	sn794
dma4908	sn2068
dma5360	sn609
dma4907	sn3074
dma4906	sn812
dma4905	sn3761
dma4904	sn2140
dma4903	sn1423
dma4902	sn1693
dma4901	sn3525
dma4900	sn1297
dma4899	sn2610
dma4898	sn2728
dma4920	sn2615
dma4919	sn2701
dma4918	sn1452
dma4917	sn1159
dma4916	sn2111
dma4914	sn2931
dma4912	sn1918
dma4910	sn3526
dma4932	sn4050
dma4931	sn3527
dma4929	sn3714
dma4927	sn1097
dma4926	sn3528
dma4925	sn843
dma4924	sn1383
dma4923	sn239
dma4922	sn998
dma4943	sn3983
dma4942	sn3529
dma4941	sn1403
dma4940	sn3392
dma4939	sn2116
dma4938	sn944
dma4936	sn3654
dma4935	sn98
dma4934	sn3655
dma4956	sn4224
dma4955	sn1896
dma4954	sn4476
dma4953	sn3393
dma4952	sn2955
dma4951	sn3951
dma4950	sn610
dma4949	sn2524
dma4948	sn1019
dma4947	sn2303
dma4946	sn3530
dma4968	sn2164
dma4967	sn856
dma4966	sn3531
dma4965	sn1701
dma4964	sn513
dma4963	sn3801
dma4962	sn1119
dma4961	sn1015
dma4960	sn1439
dma4959	sn2154
dma4958	sn3656
dma4980	sn116
dma4979	sn3657
dma4978	sn2036
dma4977	sn530
dma4976	sn3070
dma4975	sn1438
dma4974	sn1592
dma4973	sn3394
dma4972	sn3018
dma4971	sn520
dma4970	sn3658
dma5014	sn4753
dma5013	sn3418
dma5012	sn3676
dma5011	sn2337
dma5010	sn3395
dma5009	sn1493
dma5008	sn2450
dma5007	sn3396
dma5006	sn4469
dma5005	sn2383
dma5027	sn4754
dma5026	sn3839
dma5025	sn99
dma5024	sn2493
dma5023	sn1927
dma5022	sn4429
dma5021	sn1374
dma5020	sn2106
dma5019	sn2017
dma5359	sn2267
dma5017	sn2611
dma5038	sn2768
dma5037	sn1626
dma5036	sn1909
dma5035	sn2420
dma5358	sn2253
dma5034	sn3659
dma5033	sn1605
dma5031	sn2973
dma5030	sn3398
dma5029	sn531
dma5051	sn519
dma5050	sn1184
dma5049	sn1710
dma5048	sn229
dma5047	sn2249
dma5045	sn1025
dma5044	sn1833
dma5043	sn3979
dma5041	sn661
dma5063	sn1223
dma5061	sn292
dma5060	sn1996
dma5058	sn928
dma5057	sn2069
dma5056	sn2264
dma5054	sn4274
dma5053	sn2533
dma5075	sn4335
dma5074	sn100
dma5072	sn1879
dma5071	sn1566
dma5070	sn1609
dma5069	sn4417
dma5068	sn2089
dma5067	sn3677
dma5066	sn1948
dma5065	sn2919
dma5087	sn1178
dma5084	sn1389
dma5083	sn497
dma5357	sn2669
dma5082	sn34
dma5081	sn3399
dma5356	sn101
dma5078	sn3859
dma5077	sn455
dma5111	sn3709
dma5110	sn2612
dma5109	sn1155
dma5108	sn3400
dma5107	sn1544
dma5106	sn102
dma5105	sn1708
dma5104	sn3401
dma5355	sn4389
dma5103	sn1349
dma5102	sn1332
dma5124	sn3016
dma5123	sn683
dma5121	sn1722
dma5119	sn3660
dma5118	sn309
dma5117	sn2055
dma5115	sn4115
dma5114	sn1810
dma5136	sn1273
dma5135	sn2339
dma5134	sn895
dma5133	sn1381
dma5132	sn4279
dma5129	sn3533
dma5128	sn359
dma5354	sn3846
dma5126	sn3745
dma5148	sn3402
dma5147	sn551
dma5146	sn2475
dma5145	sn2405
dma5144	sn3403
dma5143	sn3404
dma5142	sn2873
dma5141	sn1282
dma5140	sn4385
dma5138	sn556
dma5160	sn3661
dma5159	sn368
dma5158	sn3716
dma5157	sn2027
dma5156	sn2872
dma5155	sn417
dma5154	sn1244
dma5153	sn1828
dma5152	sn2480
dma5151	sn2396
dma5150	sn1356
dma5172	sn2216
dma5170	sn1702
dma5168	sn2218
dma5167	sn1929
dma5166	sn2152
dma5165	sn2211
dma2782	sn3473
dma2248	sn4712
tsa2850	tsq3056
tsa45	tsq48
tsa110	tsq110
tsa122	tsq122
tsa470	tsq470
tsa782	tsq782
tsa615	tsq1136
tsa2996	tsq1720
tsa2997	tsq1721
tsa3065	tsq1725
tsa3068	tsq1741
tsa2999	tsq1746
tsa51	tsq54
tsa3071	tsq1758
tsa3073	tsq1765
tsa3002	tsq1769
tsa3062	tsq1770
tsa992	tsq994
tsa3063	tsq1781
tsa3070	tsq1747
tsa3014	tsq1847
tsa3017	tsq1887
tsa3124	tsq1801
tsa3025	tsq1949
tsa3028	tsq1957
tsa3125	tsq1994
tsa3004	tsq1804
tsa3035	tsq2016
tsa3008	tsq1824
tsa3040	tsq2101
tsa3081	tsq2114
tsa3009	tsq1830
tsa3010	tsq1831
tsa3011	tsq1832
tsa3012	tsq1833
tsa3084	tsq2116
tsa3089	tsq2139
tsa3013	tsq1846
tsa3092	tsq2152
tsa3043	tsq2199
tsa3097	tsq2225
tsa53	tsq56
tsa54	tsq57
tsa3105	tsq2311
tsa3112	tsq2363
tsa3115	tsq2499
tsa3056	tsq2435
tsa3058	tsq2440
tsa3059	tsq2500
tsa3016	tsq1885
tsa3061	tsq2467
tsa3018	tsq1906
tsa585	tsq2766
tsa811	tsq811
tsa3022	tsq1930
tsa955	tsq958
tsa3023	tsq1936
tsa3024	tsq1937
tsa920	tsq923
tsa3027	tsq1956
tsa1007	tsq1009
tsa3029	tsq1958
tsa675	tsq675
tsa532	tsq1125
tsa266	tsq266
tsa3031	tsq1989
tsa518	tsq518
tsa345	tsq345
tsa3076	tsq2045
tsa500	tsq500
tsa3037	tsq2071
tsa3038	tsq2087
tsa3039	tsq2093
tsa3079	tsq2094
tsa3041	tsq2106
tsa3080	tsq2107
tsa296	tsq296
tsa3082	tsq2115
tsa3088	tsq2138
tsa3091	tsq2150
tsa244	tsq1096
tsa508	tsq508
tsa3045	tsq2222
tsa3096	tsq2223
tsa3046	tsq2242
tsa3099	tsq2255
tsa3101	tsq2281
tsa3102	tsq2282
tsa1088	tsq2831
tsa3104	tsq2310
tsa3048	tsq2320
tsa3106	tsq2321
tsa3085	tsq2117
tsa2799	tsq2606
tsa3049	tsq2340
tsa3111	tsq2354
tsa1119	tsq1382
tsa3113	tsq2374
tsa3114	tsq2498
tsa1242	tsq2847
tsa3117	tsq2399
tsa3119	tsq1655
tsa3120	tsq1656
tsa3121	tsq2422
tsa3122	tsq2423
tsa3123	tsq2436
tsa3057	tsq2439
tsa3060	tsq2466
tsa63	tsq66
tsa2725	tsq3064
tsa2890	tsq3066
tsa2940	tsq3068
tsa2931	tsq3075
tsa2825	tsq3083
tsa2842	tsq3085
tsa1266	tsq3087
tsa1264	tsq3089
tsa1249	tsq3090
tsa1247	tsq3091
tsa60	tsq52
tsa659	tsq659
tsa990	tsq992
tsa890	tsq1199
tsa28	tsq31
tsa888	tsq888
tsa894	tsq1203
tsa420	tsq420
tsa419	tsq1115
tsa919	tsq922
tsa1027	tsq1029
tsa55	tsq1066
tsa991	tsq993
tsa1006	tsq1008
tsa1013	tsq1015
tsa530	tsq530
tsa983	tsq985
tsa1056	tsq1058
tsa1020	tsq1058
tsa58	tsq50
tsa82	tsq74
tsa881	tsq881
tsa898	tsq1197
tsa1026	tsq1028
tsa399	tsq399
tsa730	tsq730
tsa897	tsq900
tsa614	tsq1135
tsa1039	tsq1041
tsa922	tsq914
tsa702	tsq702
tsa434	tsq434
tsa515	tsq515
tsa806	tsq1180
tsa332	tsq1105
tsa934	tsq1211
tsa182	tsq182
tsa950	tsq953
tsa514	tsq514
tsa262	tsq1262
tsa223	tsq223
tsa239	tsq239
tsa137	tsq1081
tsa216	tsq1094
tsa725	tsq1161
tsa1225	tsq1415
tsa1208	tsq1444
tsa1141	tsq1384
tsa1199	tsq1431
tsa1201	tsq1443
tsa1137	tsq1345
tsa1222	tsq1470
tsa1151	tsq1395
tsa335	tsq1268
tsa735	tsq735
tsa199	tsq199
tsa402	tsq1113
tsa896	tsq1205
tsa655	tsq655
tsa133	tsq133
tsa435	tsq435
tsa246	tsq1260
tsa246	tsq246
tsa630	tsq630
tsa357	tsq357
tsa828	tsq828
tsa1003	tsq1005
tsa673	tsq1146
tsa537	tsq537
tsa823	tsq823
tsa212	tsq212
tsa213	tsq213
tsa190	tsq1090
tsa84	tsq76
tsa88	tsq91
tsa91	tsq94
tsa130	tsq130
tsa135	tsq135
tsa880	tsq880
tsa885	tsq885
tsa417	tsq1114
tsa821	tsq1185
tsa59	tsq51
tsa716	tsq716
tsa148	tsq148
tsa125	tsq1080
tsa608	tsq608
tsa784	tsq784
tsa694	tsq694
tsa652	tsq652
tsa506	tsq506
tsa632	tsq632
tsa690	tsq690
tsa274	tsq274
tsa1001	tsq1003
tsa521	tsq521
tsa160	tsq160
tsa163	tsq163
tsa243	tsq243
tsa165	tsq1252
tsa592	tsq592
tsa1061	tsq1290
tsa1090	tsq1319
tsa1204	tsq1400
tsa1077	tsq1306
tsa1104	tsq1333
tsa1179	tsq1424
tsa1194	tsq1448
tsa1161	tsq1380
tsa1105	tsq1334
tsa1113	tsq1387
tsa292	tsq1266
tsa119	tsq119
tsa801	tsq1177
tsa458	tsq458
tsa700	tsq2775
tsa232	tsq232
tsa3020	tsq1922
tsa1240	tsq2845
tsa978	tsq2777
tsa438	tsq438
tsa1252	tsq2852
tsa1047	tsq2800
tsa1250	tsq2851
tsa597	tsq597
tsa3044	tsq2204
tsa638	tsq638
tsa3051	tsq2356
tsa1053	tsq1019
tsa1017	tsq1019
tsa1053	tsq1055
tsa1017	tsq1055
tsa3042	tsq2112
tsa1004	tsq1228
tsa226	tsq1258
tsa270	tsq1265
tsa270	tsq270
tsa302	tsq2788
tsa302	tsq1101
tsa29	tsq2802
tsa29	tsq32
tsa845	tsq2807
tsa347	tsq2794
tsa272	tsq2776
tsa987	tsq2756
tsa698	tsq2789
tsa698	tsq1152
tsa207	tsq2799
tsa858	tsq2815
tsa861	tsq2824
tsa329	tsq2821
tsa501	tsq2798
tsa289	tsq2773
tsa268	tsq2819
tsa222	tsq2803
tsa558	tsq2811
tsa498	tsq2796
tsa307	tsq2774
tsa710	tsq2804
tsa619	tsq2792
tsa849	tsq2817
tsa328	tsq2790
tsa893	tsq2793
tsa695	tsq2805
tsa714	tsq2765
tsa571	tsq2758
tsa734	tsq2820
tsa121	tsq121
tsa313	tsq313
tsa643	tsq643
tsa822	tsq822
tsa72	tsq64
tsa998	tsq1000
tsa999	tsq1001
tsa154	tsq154
tsa157	tsq157
tsa155	tsq1085
tsa687	tsq1149
tsa933	tsq1215
tsa569	tsq569
tsa599	tsq599
tsa604	tsq604
tsa938	tsq941
tsa477	tsq477
tsa835	tsq835
tsa607	tsq607
tsa656	tsq656
tsa657	tsq657
tsa648	tsq1144
tsa1044	tsq1046
tsa945	tsq1219
tsa398	tsq398
tsa697	tsq697
tsa838	tsq838
tsa41	tsq44
tsa198	tsq198
tsa224	tsq224
tsa231	tsq231
tsa546	tsq546
tsa852	tsq852
tsa47	tsq1064
tsa401	tsq401
tsa355	tsq355
tsa400	tsq400
tsa819	tsq819
tsa361	tsq1108
tsa367	tsq1110
tsa369	tsq1111
tsa167	tsq167
tsa423	tsq1116
tsa437	tsq437
tsa14	tsq14
tsa24	tsq24
tsa50	tsq53
tsa62	tsq65
tsa886	tsq886
tsa895	tsq1204
tsa1012	tsq1229
tsa572	tsq572
tsa48	tsq40
tsa422	tsq422
tsa143	tsq1083
tsa792	tsq1171
tsa785	tsq785
tsa794	tsq1172
tsa352	tsq352
tsa745	tsq745
tsa746	tsq746
tsa677	tsq677
tsa260	tsq260
tsa263	tsq1263
tsa1048	tsq1050
tsa741	tsq741
tsa740	tsq1165
tsa738	tsq738
tsa739	tsq739
tsa751	tsq751
tsa264	tsq264
tsa436	tsq436
tsa440	tsq440
tsa446	tsq446
tsa450	tsq450
tsa452	tsq452
tsa473	tsq473
tsa824	tsq824
tsa449	tsq1121
tsa624	tsq624
tsa626	tsq1139
tsa941	tsq1217
tsa754	tsq1166
tsa139	tsq139
tsa94	tsq1073
tsa124	tsq1079
tsa172	tsq172
tsa228	tsq228
tsa954	tsq957
tsa977	tsq979
tsa252	tsq1238
tsa902	tsq905
tsa493	tsq493
tsa499	tsq499
tsa728	tsq1162
tsa129	tsq129
tsa580	tsq580
tsa115	tsq1076
tsa116	tsq1077
tsa123	tsq1078
tsa258	tsq258
tsa471	tsq471
tsa590	tsq590
tsa544	tsq544
tsa581	tsq581
tsa430	tsq430
tsa462	tsq462
tsa463	tsq463
tsa988	tsq990
tsa20	tsq20
tsa1002	tsq1004
tsa1028	tsq1030
tsa1029	tsq1031
tsa505	tsq505
tsa578	tsq578
tsa321	tsq321
tsa522	tsq522
tsa26	tsq29
tsa42	tsq1065
tsa790	tsq790
tsa538	tsq538
tsa541	tsq541
tsa551	tsq1127
tsa551	tsq551
tsa548	tsq548
tsa52	tsq55
tsa38	tsq41
tsa36	tsq28
tsa46	tsq38
tsa40	tsq43
tsa43	tsq46
tsa364	tsq364
tsa56	tsq1067
tsa64	tsq1068
tsa900	tsq1198
tsa907	tsq910
tsa993	tsq995
tsa994	tsq996
tsa995	tsq997
tsa996	tsq998
tsa1005	tsq1007
tsa527	tsq527
tsa188	tsq188
tsa291	tsq291
tsa371	tsq371
tsa405	tsq405
tsa1035	tsq1037
tsa225	tsq1095
tsa959	tsq1220
tsa1036	tsq1235
tsa1037	tsq1285
tsa704	tsq704
tsa689	tsq1150
tsa326	tsq326
tsa325	tsq1104
tsa800	tsq1176
tsa439	tsq1120
tsa208	tsq208
tsa271	tsq271
tsa210	tsq1092
tsa681	tsq1147
tsa442	tsq442
tsa855	tsq855
tsa629	tsq629
tsa846	tsq846
tsa1051	tsq1053
tsa523	tsq523
tsa906	tsq1207
tsa455	tsq455
tsa17	tsq17
tsa22	tsq22
tsa34	tsq26
tsa27	tsq30
tsa30	tsq33
tsa32	tsq35
tsa78	tsq81
tsa81	tsq84
tsa86	tsq89
tsa87	tsq90
tsa89	tsq92
tsa90	tsq93
tsa117	tsq117
tsa118	tsq118
tsa126	tsq126
tsa131	tsq131
tsa145	tsq145
tsa275	tsq275
tsa334	tsq334
tsa338	tsq338
tsa344	tsq344
tsa354	tsq354
tsa356	tsq356
tsa362	tsq362
tsa368	tsq368
tsa406	tsq406
tsa407	tsq407
tsa408	tsq408
tsa410	tsq410
tsa412	tsq412
tsa413	tsq413
tsa414	tsq414
tsa415	tsq415
tsa416	tsq416
tsa878	tsq878
tsa883	tsq883
tsa31	tsq1062
tsa83	tsq1070
tsa79	tsq1072
tsa807	tsq1181
tsa899	tsq1277
tsa653	tsq1145
tsa989	tsq991
tsa542	tsq542
tsa535	tsq535
tsa752	tsq752
tsa431	tsq431
tsa113	tsq113
tsa171	tsq171
tsa830	tsq1188
tsa427	tsq1271
tsa427	tsq427
tsa605	tsq1131
tsa617	tsq1137
tsa308	tsq308
tsa974	tsq976
tsa403	tsq403
tsa267	tsq1100
tsa448	tsq448
tsa832	tsq1189
tsa812	tsq1243
tsa717	tsq1158
tsa200	tsq200
tsa202	tsq202
tsa149	tsq1250
tsa201	tsq1254
tsa331	tsq331
tsa111	tsq111
tsa259	tsq259
tsa295	tsq295
tsa309	tsq309
tsa311	tsq311
tsa333	tsq333
tsa705	tsq1275
tsa112	tsq1075
tsa169	tsq169
tsa151	tsq1084
tsa610	tsq1133
tsa611	tsq1134
tsa940	tsq1216
tsa612	tsq1240
tsa152	tsq1251
tsa915	tsq1278
tsa636	tsq1141
tsa645	tsq1143
tsa237	tsq237
tsa598	tsq598
tsa621	tsq621
tsa622	tsq622
tsa976	tsq978
tsa351	tsq351
tsa424	tsq1117
tsa187	tsq187
tsa203	tsq203
tsa467	tsq467
tsa982	tsq984
tsa189	tsq1089
tsa466	tsq1122
tsa951	tsq1222
tsa93	tsq96
tsa150	tsq150
tsa175	tsq175
tsa314	tsq314
tsa315	tsq315
tsa317	tsq317
tsa862	tsq862
tsa370	tsq370
tsa209	tsq209
tsa826	tsq1186
tsa533	tsq533
tsa557	tsq557
tsa561	tsq561
tsa574	tsq574
tsa641	tsq1142
tsa568	tsq568
tsa346	tsq346
tsa864	tsq1246
tsa480	tsq480
tsa1049	tsq1051
tsa494	tsq1123
tsa583	tsq583
tsa984	tsq986
tsa724	tsq1160
tsa803	tsq1179
tsa618	tsq1138
tsa1030	tsq1032
tsa1038	tsq1040
tsa1041	tsq1043
tsa1043	tsq1045
tsa343	tsq343
tsa339	tsq1106
tsa560	tsq560
tsa563	tsq563
tsa432	tsq432
tsa19	tsq19
tsa363	tsq1109
tsa519	tsq519
tsa804	tsq804
tsa644	tsq644
tsa827	tsq1187
tsa887	tsq887
tsa908	tsq1208
tsa464	tsq464
tsa526	tsq526
tsa497	tsq1124
tsa1015	tsq1231
tsa425	tsq1118
tsa1011	tsq1013
tsa639	tsq639
tsa674	tsq674
tsa181	tsq181
tsa290	tsq290
tsa495	tsq495
tsa503	tsq503
tsa930	tsq1213
tsa582	tsq582
tsa249	tsq249
tsa465	tsq465
tsa479	tsq479
tsa786	tsq786
tsa816	tsq816
tsa840	tsq840
tsa844	tsq844
tsa947	tsq939
tsa565	tsq1128
tsa755	tsq755
tsa742	tsq742
tsa67	tsq1069
tsa70	tsq62
tsa71	tsq63
tsa66	tsq69
tsa68	tsq71
tsa510	tsq510
tsa511	tsq511
tsa986	tsq1283
tsa114	tsq114
tsa547	tsq547
tsa905	tsq908
tsa1000	tsq1227
tsa797	tsq1175
tsa77	tsq1071
tsa109	tsq1074
tsa946	tsq1281
tsa640	tsq640
tsa831	tsq831
tsa952	tsq955
tsa654	tsq654
tsa454	tsq454
tsa461	tsq461
tsa221	tsq221
tsa545	tsq545
tsa550	tsq550
tsa555	tsq555
tsa177	tsq1087
tsa980	tsq982
tsa721	tsq721
tsa722	tsq722
tsa509	tsq509
tsa512	tsq512
tsa513	tsq513
tsa524	tsq524
tsa534	tsq534
tsa95	tsq87
tsa158	tsq158
tsa159	tsq159
tsa161	tsq161
tsa162	tsq162
tsa164	tsq164
tsa727	tsq727
tsa747	tsq747
tsa293	tsq1267
tsa909	tsq1209
tsa227	tsq227
tsa910	tsq902
tsa74	tsq77
tsa136	tsq136
tsa140	tsq140
tsa142	tsq142
tsa218	tsq218
tsa230	tsq230
tsa233	tsq233
tsa234	tsq234
tsa236	tsq236
tsa240	tsq240
tsa353	tsq353
tsa729	tsq729
tsa911	tsq903
tsa138	tsq1082
tsa206	tsq1091
tsa215	tsq1093
tsa245	tsq1097
tsa904	tsq1206
tsa924	tsq1210
tsa220	tsq1257
tsa235	tsq1259
tsa248	tsq1261
tsa248	tsq248
tsa685	tsq685
tsa686	tsq686
tsa1032	tsq1247
tsa1034	tsq1248
tsa731	tsq1163
tsa733	tsq1164
tsa726	tsq726
tsa591	tsq591
tsa251	tsq251
tsa441	tsq441
tsa447	tsq447
tsa472	tsq472
tsa660	tsq660
tsa854	tsq854
tsa255	tsq255
tsa676	tsq676
tsa1023	tsq1025
tsa529	tsq529
tsa269	tsq269
tsa337	tsq337
tsa658	tsq658
tsa543	tsq543
tsa600	tsq600
tsa602	tsq602
tsa606	tsq1132
tsa595	tsq595
tsa596	tsq596
tsa932	tsq1214
tsa737	tsq737
tsa750	tsq750
tsa736	tsq736
tsa566	tsq566
tsa539	tsq539
tsa859	tsq859
tsa860	tsq860
tsa320	tsq320
tsa531	tsq531
tsa1046	tsq1048
tsa191	tsq191
tsa1008	tsq1010
tsa1019	tsq1232
tsa1010	tsq1284
tsa848	tsq1245
tsa856	tsq1276
tsa856	tsq856
tsa365	tsq365
tsa799	tsq799
tsa818	tsq1184
tsa623	tsq623
tsa711	tsq1155
tsa634	tsq634
tsa635	tsq635
tsa713	tsq2782
tsa1108	tsq1352
tsa2875	tsq2655
tsa1197	tsq1419
tsa2774	tsq2585
tsa1070	tsq1299
tsa2736	tsq2566
tsa1067	tsq1296
tsa2893	tsq2665
tsa2820	tsq2969
tsa1131	tsq1359
tsa1129	tsq1344
tsa1123	tsq1455
tsa1171	tsq1437
tsa1212	tsq2839
tsa2845	tsq3035
tsa1205	tsq1408
tsa1254	tsq2853
tsa1114	tsq1342
tsa2818	tsq2968
tsa1063	tsq1292
tsa1143	tsq1458
tsa1186	tsq1466
tsa2721	tsq2937
tsa2968	tsq2755
tsa1156	tsq1379
tsa1092	tsq1321
tsa3083	tsq2129
tsa3064	tsq1724
tsa1165	tsq1402
tsa1148	tsq1461
tsa1117	tsq1377
tsa1192	tsq1439
tsa2807	tsq2962
tsa1102	tsq1331
tsa1072	tsq1301
tsa1172	tsq1446
tsa3032	tsq1979
tsa1128	tsq1337
tsa3003	tsq1780
tsa1116	tsq1368
tsa1188	tsq1418
tsa2866	tsq3037
tsa2888	tsq2662
tsa1245	tsq2849
tsa2966	tsq3012
tsa1096	tsq1325
tsa1227	tsq2841
tsa1083	tsq1312
tsa2809	tsq2613
tsa1149	tsq1385
tsa1133	tsq1370
tsa1198	tsq1426
tsa1157	tsq1351
tsa1166	tsq1411
tsa1178	tsq1417
tsa1243	tsq2848
tsa1215	tsq1452
tsa1071	tsq1300
tsa1183	tsq1441
tsa1076	tsq1305
tsa3001	tsq1764
tsa2943	tsq2699
tsa1196	tsq1469
tsa2757	tsq2719
tsa3086	tsq2134
tsa3087	tsq2135
tsa1217	tsq1410
tsa1193	tsq1442
tsa1062	tsq1291
tsa2959	tsq3011
tsa2761	tsq2944
tsa1262	tsq2856
tsa2914	tsq2680
tsa1059	tsq1288
tsa1065	tsq1294
tsa2876	tsq3041
tsa1097	tsq1326
tsa2832	tsq2628
tsa1066	tsq1295
tsa1109	tsq1361
tsa3019	tsq1921
tsa1203	tsq1468
tsa1094	tsq1323
tsa2894	tsq2993
tsa2783	tsq2594
tsa1144	tsq1338
tsa2785	tsq2952
tsa2955	tsq3010
tsa1120	tsq1388
tsa2800	tsq2607
tsa2823	tsq2621
tsa1176	tsq1406
tsa1164	tsq1397
tsa2973	tsq3014
tsa2953	tsq3009
tsa3116	tsq2393
tsa1224	tsq2840
tsa2913	tsq2754
tsa1140	tsq1459
tsa1226	tsq1422
tsa2822	tsq2620
tsa1115	tsq1358
tsa1154	tsq1356
tsa3077	tsq2058
tsa1223	tsq1405
tsa3078	tsq2059
tsa1136	tsq1456
tsa1158	tsq1357
tsa1069	tsq1298
tsa1190	tsq1430
tsa1210	tsq1404
tsa1207	tsq1440
tsa1081	tsq1310
tsa1163	tsq1396
tsa2911	tsq3044
tsa2912	tsq3045
tsa1169	tsq1428
tsa1074	tsq1303
tsa2792	tsq2955
tsa1064	tsq1293
tsa1139	tsq1355
tsa1153	tsq1350
tsa2840	tsq2977
tsa1085	tsq1314
tsa2713	tsq2549
tsa1228	tsq2842
tsa1138	tsq1349
tsa1142	tsq1391
tsa1093	tsq1322
tsa1273	tsq2858
tsa1216	tsq1401
tsa1180	tsq1429
tsa3109	tsq2345
tsa1181	tsq1465
tsa1073	tsq1302
tsa2860	tsq2645
tsa1127	tsq2833
tsa1106	tsq1335
tsa1159	tsq1366
tsa1103	tsq1332
tsa2962	tsq2709
tsa2963	tsq3046
tsa3053	tsq2359
tsa2938	tsq3002
tsa2939	tsq2696
tsa3052	tsq2496
tsa2812	tsq2727
tsa1195	tsq1399
tsa1110	tsq1373
tsa1078	tsq1307
tsa2900	tsq2995
tsa1124	tsq1362
tsa1238	tsq2844
tsa1095	tsq1324
tsa1098	tsq1327
tsa1060	tsq1289
tsa2851	tsq2641
tsa1146	tsq1364
tsa1080	tsq1309
tsa1152	tsq1339
tsa2816	tsq2967
tsa1111	tsq1375
tsa2922	tsq2686
tsa2805	tsq2961
tsa2910	tsq2674
tsa1130	tsq1457
tsa3036	tsq2070
tsa2768	tsq2582
tsa1091	tsq1320
tsa1086	tsq1315
tsa2728	tsq2562
tsa2735	tsq3018
tsa3000	tsq1757
tsa2749	tsq2574
tsa1145	tsq1460
tsa1191	tsq1433
tsa1160	tsq1462
tsa2891	tsq2664
tsa1202	tsq2838
tsa2998	tsq1742
tsa1084	tsq1313
tsa1214	tsq1445
tsa2849	tsq2639
tsa2882	tsq2659
tsa2874	tsq2654
tsa2715	tsq2551
tsa3069	tsq1744
tsa1100	tsq1329
tsa3055	tsq2371
tsa1126	tsq1374
tsa1058	tsq1287
tsa2937	tsq2732
tsa1184	tsq1447
tsa1087	tsq1316
tsa1079	tsq1308
tsa1235	tsq2843
tsa1121	tsq1336
tsa1101	tsq1330
tsa1122	tsq1343
tsa2856	tsq2982
tsa1187	tsq1467
tsa1075	tsq1304
tsa1068	tsq2829
tsa3090	tsq2149
tsa1182	tsq1438
tsa2738	tsq2568
tsa1132	tsq1363
tsa1112	tsq1381
tsa2829	tsq2971
tsa1099	tsq1328
tsa2958	tsq2750
tsa2951	tsq2704
tsa1150	tsq1392
tsa2754	tsq2942
tsa2841	tsq2978
tsa1173	tsq1450
tsa2886	tsq2661
tsa2828	tsq3031
tsa1168	tsq1423
tsa1189	tsq1425
tsa1185	tsq1464
tsa2794	tsq2602
tsa2901	tsq2669
tsa2920	tsq2684
tsa1174	tsq1398
tsa1220	tsq1432
tsa3006	tsq1808
tsa2756	tsq2577
tsa1155	tsq1372
tsa2835	tsq2975
tsa2879	tsq2657
tsa1246	tsq2850
tsa3075	tsq1774
tsa3034	tsq2015
tsa1057	tsq1286
tsa1255	tsq2854
tsa1135	tsq1378
tsa1241	tsq2846
tsa2925	tsq2689
tsa2836	tsq2976
tsa2722	tsq2716
tsa1221	tsq1453
tsa1125	tsq1369
tsa1089	tsq1318
tsa1211	tsq1409
tsa3100	tsq1676
tsa2915	tsq2681
tsa76	tsq79
tsa2718	tsq2936
tsa2917	tsq2683
tsa327	tsq2763
tsa426	tsq2809
tsa426	tsq1270
tsa426	tsq426
tsa3108	tsq2341
tsa850	tsq1195
tsa850	tsq850
tsa2729	tsq3063
tsa1016	tsq2769
tsa33	tsq2764
tsa33	tsq36
tsa330	tsq2828
tsa912	tsq904
tsa23	tsq23
tsa715	tsq1157
tsa884	tsq884
tsa299	tsq299
tsa35	tsq27
tsa814	tsq814
tsa814	tsq1183
tsa196	tsq196
tsa936	tsq928
tsa342	tsq342
tsa3054	tsq2360
tsa787	tsq1168
tsa305	tsq305
tsa627	tsq627
tsa914	tsq917
tsa609	tsq1239
tsa620	tsq620
tsa44	tsq47
tsa319	tsq1102
tsa3007	tsq1820
tsa1177	tsq1412
tsa1167	tsq1416
tsa2780	tsq2592
tsa2980	tsq2715
tsa2824	tsq3027
tsa3093	tsq2179
tsa3047	tsq2319
tsa3110	tsq2347
tsa3050	tsq2346
tsa3094	tsq2182
tsa2806	tsq2610
tsa2907	tsq2672
tsa2752	tsq2575
