YOR202W_dma1	NaN	NaN
YDR006C_dma836	0.856	0.004
YIL112W_dma2363	0.961	0.005
YMR318C_dma3918	0.955	0.003
YDR007W_dma835	0.919	0.003
YGL091C_tsa1120	0.614	0.004
YOL126C_dma4395	0.971	0.003
YML035C_dma3551	0.981	0.003
YOL052C_dma4338	0.646	0.004
YOR245C_dma4649	1.015	0.003
YPL157W_dma4908	0.550	0.006
YMR163C_dma3763	0.890	0.003
YBR092C_dma262	1.012	0.003
YOR224C_tsa1195	0.883	0.003
YOL086C_dma5363	0.940	0.003
YLR115W_tsa801	0.743	0.004
YDL106C_dma688	0.960	0.005
YLR222C_tsa1250	0.564	0.005
YBR084W_dma242	0.941	0.004
YDR178W_dma951	0.925	0.004
YER125W_tsa464	0.501	0.006
YLR375W_dma3418	0.912	0.004
YBL023C_tsa111	0.909	0.004
YLR195C_tsa690	0.834	0.003
YAR031W_dma80	1.010	0.002
YKL051W_dma2779	1.012	0.002
YJR076C_tsa126	1.008	0.006
YBR111C_dma271	1.018	0.003
YGL066W_dma1654	0.789	0.004
YJL203W_tsa401	0.931	0.004
YCL063W_dma520	0.899	0.002
YHR203C_dma2243	0.757	0.004
YFR024C-A_dma1569	1.029	0.003
YGL023C_dma1597	0.943	0.003
YLR335W_dma3381	1.036	0.003
YGR178C_dma1933	1.035	0.002
YBR082C_dma245	0.920	0.004
YDR505C_dma1218	1.022	0.004
YPL053C_dma4807	1.024	0.003
YNR007C_dma4210	1.015	0.003
YHL032C_dma2076	0.993	0.004
YJL187C_dma2579	0.986	0.004
YOR359W_dma4743	1.016	0.004
YJL002C_tsa735	0.922	0.004
YBR072W_dma251	0.957	0.004
YBR164C_dma318	0.961	0.004
YDL159W_dma744	NaN	NaN
YML008C_dma3527	0.897	0.004
YLR308W_dma5362	0.985	0.002
YPL089C_dma4829	1.014	0.003
YCL033C_dma497	1.035	0.002
YCL025C_dma469	0.913	0.002
YJL128C_dma2511	1.024	0.002
YMR138W_dma3726	1.020	0.003
YPL183W-A_dma4932	0.839	0.004
YKL216W_dma2907	0.132	0.005
YMR093W_tsa1246	0.589	0.004
YOR140W_dma4551	0.799	0.005
YMR096W_dma3690	1.047	0.002
YDL097C_tsa1146	0.756	0.005
YDR503C_dma1220	0.825	0.009
YGL212W_dma1732	0.625	0.006
YLR143W_dma3220	0.955	0.003
YDL013W_dma616	0.296	0.004
YDR514C_dma1234	NaN	NaN
YER101C_dma1398	1.000	0.003
YHL025W_dma2060	0.810	0.006
YLR191W_dma3258	0.840	0.003
YAL051W_dma39	1.039	0.002
YMR263W_dma3870	0.979	0.002
YDR394W_tsa785	0.968	0.002
YMR162C_dma3764	1.018	0.002
YJL148W_dma2540	0.764	0.004
YGR231C_dma1987	0.851	0.005
YHR082C_dma2125	0.987	0.003
YOR171C_dma4581	0.918	0.004
YFL021W_dma1479	1.010	0.002
YGL157W_dma1698	1.025	0.002
YCL011C_dma477	1.012	0.002
YIL154C_dma2383	0.908	0.002
YDL148C_tsa1234	NaN	NaN
YLR135W_dma3225	1.032	0.002
YPR057W_dma5057	0.704	0.005
YIL139C_dma2369	1.020	0.003
YDR236C_tsa1245	0.732	0.004
YKL092C_dma2832	1.036	0.003
YPL003W_dma4768	0.995	0.004
YLR377C_dma3416	1.000	0.004
YDR071C_dma854	0.952	0.004
YKL081W_dma2815	0.839	0.003
YBR295W_dma466	0.947	0.003
YDR430C_dma1170	0.937	0.003
YBR095C_dma259	1.012	0.002
YOR066W_dma4480	0.988	0.002
YLR137W_dma3223	0.960	0.002
YDR198C_dma962	1.001	0.002
YMR073C_dma3679	0.948	0.002
YGL121C_dma1675	0.980	0.002
YMR284W_dma3877	0.977	0.002
YLR378C_tsa213	0.762	0.003
YBR276C_dma437	1.034	0.002
YGR196C_dma1945	0.960	0.005
YDR307W_dma1065	1.028	0.002
YCR009C_dma532	0.975	0.004
YDL188C_dma788	NaN	NaN
YDR153C_dma943	1.019	0.003
YGR224W_dma1972	0.847	0.009
YJL171C_dma2566	1.001	0.003
YLR276C_tsa1148	0.819	0.004
YPR164W_dma5141	0.823	0.004
YJL074C_tsa71	0.903	0.003
YPL051W_dma4809	0.942	0.003
YLL041C_dma3054	0.911	0.003
YER129W_dma1426	0.990	0.002
YDR496C_dma1201	0.739	0.004
YLL024C_dma3040	1.002	0.003
YBR254C_tsa1174	0.761	0.003
YFR009W_dma1516	0.935	0.003
YLR183C_dma3242	0.962	0.003
YKR090W_dma3004	0.994	0.002
YDR233C_dma985	0.954	0.002
YAL059W_dma55	1.002	0.002
YHR088W_tsa1095	0.726	0.004
YPL100W_dma4844	1.008	0.003
YBR181C_dma327	0.706	0.005
YDL080C_dma682	0.944	0.003
YER092W_dma1381	0.797	0.003
YCR088W_dma590	1.052	0.005
YHR017W_dma2097	1.018	0.003
YDR074W_dma887	0.777	0.006
YBR147W_dma307	1.000	0.006
YGL211W_dma1733	0.886	0.004
YDL157C_dma722	NaN	NaN
YDR121W_dma922	0.958	0.003
YCR050C_dma571	1.004	0.002
YNL021W_dma3925	0.679	0.004
YLR099C_dma3204	0.962	0.003
YMR126C_dma3713	0.971	0.003
YPR020W_dma5035	0.803	0.009
YGR099W_tsa938	0.986	0.004
YBR115C_dma268	NaN	NaN
YJL059W_dma2478	1.029	0.003
YMR086W_dma3695	1.007	0.003
YPR183W_tsa330	0.940	0.003
YGL215W_dma1729	0.828	0.011
YJL016W_dma2458	1.030	0.002
YDR166C_tsa51	1.023	0.002
YNL096C_dma5343	0.879	0.003
YDL183C_dma747	NaN	NaN
YLR002C_tsa1164	0.773	0.004
YOL007C_dma4292	1.003	0.003
YBR278W_dma435	0.987	0.003
YGL151W_dma1703	0.846	0.005
YJR096W_dma2669	1.065	0.003
YKL055C_dma2776	0.639	0.005
YPR168W_tsa818	0.567	0.008
YMR164C_dma3762	0.953	0.003
YCR095C_dma608	1.000	0.003
YKL074C_dma2820	0.952	0.002
YDR062W_tsa575	0.600	0.006
YOL117W_dma4401	1.021	0.003
YOR156C_dma4567	0.952	0.003
YLR194C_dma3255	1.010	0.002
YJR011C_dma2606	0.826	0.012
YHR034C_dma2108	0.873	0.003
YMR305C_dma3908	1.010	0.003
YIL008W_dma2255	0.835	0.003
YIR019C_dma2415	0.987	0.003
YKL007W_dma2738	0.994	0.002
YLR039C_dma3121	0.748	0.004
YGR279C_dma2007	1.071	0.003
YFR015C_dma1556	0.985	0.002
YER123W_dma1406	0.884	0.003
YLR022C_tsa1026	0.900	0.004
YHR156C_dma2188	0.992	0.002
YOL001W_dma4274	0.670	0.005
YCR008W_dma533	0.932	0.002
YFR048W_dma1573	0.890	0.003
YHL002W_dma2033	0.968	0.003
YDR339C_tsa1188	0.675	0.004
YNL091W_dma4002	0.802	0.005
YGR133W_dma1894	0.827	0.002
YBR162W-A_dma319	1.017	0.002
YGL060W_dma1656	1.010	0.003
YER118C_dma1411	0.985	0.003
YDR385W_dma1108	0.900	0.003
YDL181W_dma749	NaN	NaN
YHR152W_dma2192	0.995	0.003
YDR120C_dma923	0.955	0.003
YGR200C_dma1965	0.774	0.004
YCR073C_dma580	1.000	0.002
YGR043C_dma1831	1.010	0.003
YPL092W_dma4826	1.018	0.003
YMR303C_dma3911	1.023	0.003
YOR033C_dma4459	0.986	0.003
YDR011W_dma831	1.000	0.002
YKL208W_dma2913	0.889	0.003
YJL012C_dma2460	0.961	0.002
YER136W_tsa64	0.905	0.007
YLR170C_dma3231	0.954	0.002
YOR074C_tsa927	0.422	0.005
YKL062W_dma2773	0.964	0.003
YPR075C_dma5087	0.963	0.004
YBR125C_dma299	0.980	0.002
YBL067C_dma154	0.944	0.003
YOR346W_dma4732	0.973	0.003
YOL092W_dma4375	0.987	0.002
YIL135C_dma2372	0.949	0.003
YBR217W_dma368	0.953	0.003
YCL069W_dma518	0.983	0.003
YLR309C_dma3340	0.985	0.002
YER052C_dma1350	NaN	NaN
YBR202W_tsa125	0.853	0.004
YNL123W_dma4026	0.998	0.003
YDR052C_tsa162	0.833	0.004
YOL141W_dma4410	1.034	0.003
YHR027C_tsa255	0.769	0.005
YGL141W_dma1686	1.016	0.003
YNL056W_dma3983	0.970	0.004
YDL095W_dma693	1.011	0.004
YPL149W_dma4878	1.003	0.002
YML095C_dma3598	0.905	0.003
YDR031W_dma5212	0.993	0.003
YER184C_dma1469	0.962	0.003
YDR164C_tsa36	0.955	0.003
YLR057W_dma3152	0.991	0.003
YER063W_dma1361	NaN	NaN
YGL104C_dma1661	0.946	0.004
YKR011C_dma2918	0.982	0.003
YMR026C_dma3642	0.845	0.003
YDL176W_dma754	NaN	NaN
YBL050W_tsa45	0.878	0.004
YBR043C_dma207	0.957	0.003
YKL191W_dma2901	0.961	0.003
YGL263W_dma1782	1.026	0.002
YDR359C_dma1102	0.292	0.009
YDL156W_dma723	NaN	NaN
YDR158W_dma938	0.896	0.004
YGR206W_dma1960	1.051	0.003
YDR081C_tsa1239	0.214	0.004
YLR386W_dma3411	1.060	0.003
YFL013C_dma5282	0.857	0.003
YGR119C_tsa954	NaN	NaN
YJL104W_tsa499	0.751	0.005
YPR079W_dma5083	0.986	0.003
YBR023C_dma199	0.956	0.004
YOR304W_dma4700	0.984	0.003
YDL059C_dma658	0.998	0.003
YOL090W_dma4377	0.855	0.010
YMR240C_tsa639	1.033	0.003
YIR003W_dma2424	0.986	0.003
YLR059C_dma3150	0.987	0.004
YPR029C_dma5051	1.048	0.003
YHR154W_dma2190	0.909	0.005
YLL029W_dma3059	0.882	0.006
YBR015C_dma183	1.001	0.002
YJL101C_dma2500	0.803	0.004
YFL048C_dma1505	1.058	0.003
YHR077C_dma2131	1.011	0.003
YMR202W_dma3797	0.771	0.005
YPL181W_dma4912	1.134	0.003
YGL195W_dma1722	0.969	0.003
YGR055W_dma5193	0.900	0.008
YOR315W_dma4726	1.000	0.004
YJR059W_dma2647	1.017	0.005
YOL080C_dma4363	0.979	0.004
YDL102W_tsa17	0.714	0.007
YMR039C_dma3653	0.814	0.005
YBL034C_tsa454	0.951	0.004
YCR034W_dma556	0.924	0.006
YNR041C_dma5177	0.839	0.008
YDR139C_dma931	1.057	0.003
YNR051C_dma4271	0.889	0.004
YPL154C_dma4875	1.071	0.004
YGR098C_tsa978	1.002	0.003
YPL145C_dma4880	1.037	0.003
YNL038W_tsa1157	1.077	0.003
YPL071C_dma4815	1.030	0.003
YGL005C_dma1587	0.956	0.003
YER044C-A_dma1336	NaN	NaN
YBR204C_dma357	NaN	NaN
YER151C_dma1447	0.719	0.005
YGL168W_dma1710	0.643	0.007
YFR031C-A_dma1565	0.942	0.004
YNL118C_tsa754	0.598	0.005
YGL086W_dma1666	1.087	0.003
YBL059W_dma139	0.905	0.004
YDR469W_dma1195	0.867	0.004
YBR042C_dma208	1.008	0.004
YGR264C_tsa35	0.698	0.006
YKR003W_dma2923	0.999	0.004
YNR017W_tsa1168	0.747	0.006
YLR131C_dma3228	1.064	0.007
YJL085W_tsa856	0.777	0.007
YMR078C_dma3676	0.759	0.006
YBL021C_dma117	0.852	0.007
YIL103W_dma2345	0.979	0.004
YDL189W_dma787	NaN	NaN
YOR061W_dma4484	0.906	0.005
YDL161W_dma742	NaN	NaN
YDR247W_dma1002	0.986	0.003
YDL197C_dma782	NaN	NaN
YMR247C_dma3860	1.011	0.003
YLR044C_dma3139	1.020	0.005
YJL198W_dma2571	1.041	0.003
YOR326W_tsa269	0.869	0.005
YAR015W_dma65	1.006	0.005
YOR337W_dma4738	0.956	0.004
YGL167C_dma1711	0.533	0.007
YHR012W_dma2078	0.793	0.004
YJL155C_dma2533	1.002	0.003
YPL128C_tsa1199	0.939	0.007
YDR099W_dma893	0.955	0.004
YDL103C_tsa1093	0.755	0.009
YDR466W_dma1197	1.019	0.003
YIL002C_dma2236	0.981	0.003
YDL203C_dma801	NaN	NaN
YBR135W_tsa923	0.584	0.004
YOL101C_dma4370	0.969	0.003
YOL041C_dma4312	0.619	0.004
YBR019C_dma202	1.000	0.003
YNL099C_dma4018	0.940	0.004
YCR083W_dma595	0.976	0.003
YDL077C_dma649	0.677	0.004
YDR538W_dma1240	1.004	0.004
YOR244W_tsa560	0.909	0.004
YGR126W_dma1877	1.000	0.004
YOR103C_tsa1158	0.844	0.004
YGL156W_dma1699	0.955	0.003
YMR243C_dma3819	0.652	0.005
YPR031W_dma5049	0.925	0.004
YIL044C_dma2271	0.900	0.003
YDR107C_dma910	0.942	0.002
YIL097W_dma2350	0.972	0.002
YGL231C_dma1761	0.962	0.003
YBR240C_dma417	1.010	0.003
YOR232W_tsa505	0.789	0.006
YHR124W_dma2169	0.999	0.003
YDR404C_tsa1268	0.516	0.007
YMR156C_dma3748	1.027	0.002
YIR010W_tsa435	0.986	0.002
YBR062C_dma237	0.995	0.002
YGR120C_tsa187	1.006	0.002
YER054C_dma1348	NaN	NaN
YKR007W_dma2921	0.826	0.003
YBR216C_dma369	0.984	0.003
YML019W_dma3517	0.948	0.004
YCR092C_dma609	1.033	0.003
YDR045C_tsa1078	0.856	0.005
YFL011W_dma1486	0.972	0.003
YDR182W_tsa31	0.590	0.005
YOL136C_dma4413	0.953	0.004
YBL102W_dma175	0.916	0.004
YMR148W_dma3754	0.972	0.003
YKL207W_dma2914	0.987	0.002
YGL019W_dma1600	0.903	0.003
YML012W_dma3523	0.990	0.002
YJL081C_tsa618	0.582	0.007
YPL208W_dma4934	1.033	0.002
YDR191W_dma965	0.971	0.003
YMR250W_dma3859	0.981	0.002
YLR098C_dma3182	0.984	0.003
YHR179W_dma2212	1.001	0.002
YGL092W_tsa977	0.973	0.002
YCR068W_dma583	0.934	0.003
YBR142W_tsa1109	0.777	0.004
YJR153W_dma2743	1.024	0.003
YMR070W_dma3680	0.904	0.003
YLR016C_dma3115	0.998	0.002
YJR066W_dma5319	0.947	0.003
YDL048C_dma642	0.976	0.003
YPL015C_dma5229	0.968	0.002
YPR140W_dma5134	0.978	0.003
YBL024W_dma116	0.966	0.003
YPL232W_dma4964	0.932	0.004
YPL167C_dma4900	0.978	0.002
YDR100W_dma892	0.988	0.003
YPL001W_dma4769	0.986	0.002
YOR249C_tsa745	0.857	0.004
YDR513W_dma1235	1.017	0.003
YML023C_tsa1007	0.799	0.003
YLR254C_dma3309	1.040	0.002
YDR004W_dma838	0.859	0.003
YOL135C_tsa740	0.872	0.004
YBR098W_dma258	0.948	0.002
YER042W_dma1337	NaN	NaN
YBR057C_dma218	0.969	0.003
YOR038C_dma4455	0.986	0.002
YKL008C_dma2737	1.023	0.003
YBR236C_tsa357	0.951	0.003
YKL048C_dma2781	0.869	0.004
YHR121W_dma2171	0.984	0.003
YPL079W_dma4835	0.768	0.004
YIR002C_dma2389	0.963	0.003
YPL262W_dma5014	0.719	0.004
YMR074C_dma5316	0.991	0.004
YLL002W_dma3033	0.750	0.003
YAR003W_dma67	0.827	0.002
YOR370C_tsa258	0.994	0.003
YOL093W_dma4374	0.984	0.002
YDR098C_dma894	0.967	0.002
YOL003C_dma4295	1.027	0.003
YAL048C_dma5203	0.887	0.003
YFL010W-A_dma5284	1.007	0.002
YKL148C_dma2862	0.930	0.002
YOR010C_dma4435	1.005	0.002
YLR036C_dma3124	0.991	0.003
YJL011C_tsa1270	0.935	0.002
YOR251C_dma4646	0.961	0.002
YER053C_dma1349	NaN	NaN
YDR145W_tsa806	0.645	0.003
YOR237W_dma4654	1.002	0.002
YLR092W_dma3188	0.991	0.003
YGL020C_dma1599	0.943	0.003
YML108W_dma3608	0.976	0.003
YNL147W_dma5339	0.687	0.005
YIL057C_dma2284	1.023	0.003
YGL031C_dma1615	0.693	0.006
YOR027W_dma4442	0.970	0.003
YGL210W_dma1734	0.948	0.002
YGR281W_dma2006	0.949	0.003
YML081C-A_dma3578	0.760	0.005
YLR185W_dma3263	0.599	0.005
YOR011W_dma4434	1.010	0.003
YIL173W_dma2391	1.025	0.003
YOR269W_dma4659	0.922	0.004
YJL036W_dma2471	0.914	0.002
YGR121C_dma1881	1.010	0.002
YCR032W_dma558	1.013	0.002
YLL055W_dma3087	1.010	0.003
YMR275C_dma3884	0.910	0.003
YDR116C_dma903	0.812	0.006
YJL094C_dma2505	1.021	0.003
YJR141W_tsa1248	0.648	0.003
YOL054W_dma4335	0.958	0.002
YMR005W_tsa942	0.850	0.002
YLR014C_dma3117	0.991	0.003
YCR027C_dma562	1.006	0.003
YLR176C_dma3249	0.923	0.003
YDR383C_dma1110	0.966	0.004
YLR172C_dma3252	0.896	0.003
YMR216C_dma3811	0.848	0.003
YGL257C_dma1765	1.025	0.003
YER164W_dma1461	0.902	0.002
YOR216C_dma4623	0.973	0.003
YJL214W_dma2595	1.009	0.002
YDR225W_dma988	0.912	0.003
YMR312W_dma3902	0.771	0.004
YHR049W_dma2118	0.961	0.003
YDL195W_tsa852	NaN	NaN
YKR068C_tsa1090	0.771	0.004
YBR031W_dma215	0.900	0.003
YER170W_dma1458	1.021	0.003
YMR183C_dma3789	0.902	0.005
YML124C_dma3619	0.989	0.002
YGL094C_dma5295	1.011	0.003
YBL041W_tsa1064	0.894	0.003
YDR530C_dma1247	1.036	0.003
YJR068W_tsa342	0.949	0.003
YJL030W_dma2472	0.985	0.003
YJR045C_tsa328	0.622	0.006
YKL160W_dma2877	0.943	0.003
YBR211C_tsa716	0.972	0.004
YCR098C_dma607	0.967	0.003
YNL037C_dma3972	0.815	0.004
YML009C_dma3526	0.886	0.003
YNR039C_dma4256	0.997	0.002
YLR077W_dma3164	0.996	0.002
YGL148W_dma1682	0.949	0.006
YGR276C_dma5301	1.034	0.003
YBR024W_dma198	0.962	0.003
YAL019W_dma34	0.921	0.002
YDR501W_dma1221	0.968	0.003
YJL098W_dma2503	1.009	0.002
YPR085C_tsa1232	0.721	0.005
YKL205W_dma2893	1.009	0.002
YER069W_dma1377	NaN	NaN
YMR204C_dma3796	0.842	0.003
YER061C_dma1363	NaN	NaN
YMR106C_dma3705	1.022	0.002
YOR017W_dma4451	0.947	0.003
YDR330W_dma1074	0.982	0.003
YMR052W_dma3669	0.954	0.003
YIL007C_dma2256	0.989	0.003
YDL194W_dma783	NaN	NaN
YGR144W_dma1907	0.966	0.003
YDR205W_dma981	0.985	0.003
YBR228W_dma403	1.005	0.003
YOR014W_dma4431	0.765	0.004
YGL247W_tsa1123	0.975	0.003
YPL101W_dma4843	0.818	0.003
YDR216W_dma973	1.016	0.004
YKL206C_dma2915	0.989	0.003
YGR211W_tsa547	0.612	0.005
YNL097C_dma4020	0.970	0.003
YMR223W_dma3807	0.847	0.003
YHR134W_dma2182	0.847	0.004
YJL091C_tsa655	0.957	0.003
YML111W_dma5235	1.019	0.002
YKR053C_dma2984	1.008	0.003
YNL154C_dma4054	0.943	0.003
YBL088C_dma162	1.023	0.003
YPL179W_dma4914	0.927	0.002
YDL017W_tsa880	0.922	0.004
YDR073W_dma888	1.013	0.002
YNL119W_dma4030	0.818	0.004
YOR023C_dma4446	0.973	0.004
YOR308C_dma4696	0.849	0.003
YOR230W_dma4636	0.993	0.003
YGL198W_dma1719	0.987	0.003
YBR176W_dma331	1.006	0.002
YIL043C_dma2272	0.992	0.003
YKR059W_dma2978	0.908	0.002
YDL002C_dma621	0.750	0.004
YIL124W_dma2355	0.979	0.003
YPL144W_dma4881	0.871	0.004
YDR219C_dma993	0.956	0.003
YNR067C_dma4281	1.007	0.003
YGL082W_dma1647	1.030	0.002
YHR129C_dma2165	0.885	0.003
YOR336W_tsa139	0.942	0.002
YOL152W_dma4406	0.986	0.003
YGR004W_dma1779	0.991	0.003
YAL010C_dma18	0.692	0.005
YJL136C_dma2527	0.887	0.003
YDR452W_dma1181	1.006	0.006
YPL010W_tsa689	0.990	0.003
YOR138C_dma4553	0.989	0.003
YDR016C_tsa1077	0.896	0.004
YKL065C_dma2806	0.943	0.003
YMR028W_tsa697	0.832	0.003
YGR113W_tsa244	0.853	0.004
YBR171W_dma335	1.008	0.004
YLR119W_dma3215	0.959	0.004
YJR094W-A_dma2671	0.933	0.003
YOL030W_dma4319	1.014	0.003
YBR291C_dma447	0.927	0.003
YIR008C_tsa340	0.746	0.004
YLR266C_dma3322	0.983	0.003
YDR520C_dma1230	1.017	0.003
YDL130W_dma717	NaN	NaN
YOL020W_dma4302	0.993	0.002
YKR093W_dma3024	0.988	0.003
YJL122W_dma2515	0.993	0.002
YOR236W_tsa884	0.655	0.005
YJL172W_dma2565	1.025	0.003
YOR154W_dma4568	1.061	0.002
YJL168C_dma2546	0.952	0.002
YMR080C_dma3675	0.999	0.004
YGR135W_dma1892	0.846	0.004
YPR003C_dma5025	0.991	0.004
YGL244W_dma1775	0.661	0.004
YGR203W_dma1962	0.966	0.003
YFL049W_dma1504	1.008	0.004
YGR058W_dma1845	0.938	0.003
YDL146W_dma727	NaN	NaN
YKL006W_dma2739	0.649	0.006
YBR273C_dma440	1.017	0.003
YAL054C_dma37	0.976	0.003
YJR005W_dma2611	0.974	0.003
YDR126W_dma917	0.783	0.005
YMR235C_tsa118	0.621	0.006
YLR363C_dma3406	0.993	0.003
YOL111C_dma4384	0.990	0.002
YDL076C_dma650	0.918	0.003
YDR180W_tsa66	0.951	0.003
YLR080W_dma3162	1.024	0.003
YER055C_dma1347	NaN	NaN
YOL038W_tsa1153	0.941	0.003
YKL039W_dma2765	1.032	0.003
YDL168W_dma739	NaN	NaN
YKL175W_dma2889	1.012	0.003
YPL178W_dma4915	0.466	0.005
YHL020C_dma2042	0.859	0.004
YNL116W_dma4032	0.989	0.003
YER088C_dma1385	1.026	0.004
YHL029C_dma2056	0.887	0.010
YML048W_dma3543	0.969	0.004
YDL134C_dma712	NaN	NaN
YDR076W_dma885	0.892	0.004
YDL143W_tsa729	NaN	NaN
YOR334W_dma4739	0.935	0.003
YER106W_dma1397	1.013	0.004
YML017W_dma3519	0.927	0.003
YDR414C_dma1135	0.994	0.003
YLR102C_dma3203	1.019	0.003
YLR333C_dma3383	0.956	0.003
YPL196W_dma4922	1.017	0.003
YDL105W_tsa993	0.855	0.005
YGR148C_dma1905	0.846	0.004
YPR189W_dma5153	0.997	0.003
YLR173W_dma3251	1.072	0.004
YPR043W_dma5043	0.618	0.005
YDL199C_dma781	NaN	NaN
YDR363W-A_dma1099	0.939	0.003
YGL059W_dma1621	0.979	0.003
YLR127C_tsa262	0.981	0.003
YJL112W_dma2519	1.004	0.003
YMR207C_dma3816	0.837	0.004
YHL023C_dma2062	0.852	0.005
YML069W_tsa846	0.635	0.006
YGR118W_dma1882	0.812	0.005
YBR018C_dma203	1.012	0.003
YNL107W_dma4012	0.959	0.004
YGL145W_tsa271	1.000	0.004
YDR391C_dma1126	0.958	0.004
YLR316C_tsa1150	0.544	0.009
YOR167C_dma4583	0.871	0.005
YDR382W_dma1111	0.959	0.004
YML020W_dma3539	1.000	0.003
YFL044C_dma1508	1.026	0.004
YJL050W_tsa431	0.900	0.003
YOR266W_dma4662	0.924	0.004
YOR070C_dma4499	0.895	0.005
YGR217W_dma1975	0.966	0.004
YMR274C_dma3885	0.998	0.004
YLR033W_tsa1145	0.950	0.005
YDL140C_tsa804	NaN	NaN
YPL055C_dma4805	0.871	0.004
YOR174W_tsa738	0.547	0.005
YGL241W_dma1755	0.969	0.003
YHR081W_dma2126	0.490	0.005
YGR202C_dma1963	0.984	0.004
YGL233W_tsa40	0.938	0.004
YOR058C_dma4486	0.906	0.004
YGL142C_tsa1133	0.935	0.004
YDR517W_dma1232	0.969	0.003
YML034W_dma3529	0.932	0.003
YER074W_dma1373	NaN	NaN
YOR085W_dma4524	0.901	0.003
YDR510W_tsa928	0.757	0.005
YOR265W_dma4663	1.006	0.003
YKR042W_dma2959	0.906	0.004
YLR088W_tsa207	0.984	0.005
YML117W_dma3604	0.967	0.004
YLR384C_dma3413	0.781	0.005
YML007W_dma3505	0.975	0.004
YNL138W_tsa800	0.384	0.005
YKL079W_dma2816	0.932	0.004
YKL185W_dma2882	1.005	0.004
YHR079C_dma2129	0.963	0.003
YFL005W_tsa307	0.928	0.003
YJL139C_dma2524	0.992	0.003
YDR279W_dma1021	1.057	0.003
YHR191C_tsa323	0.917	0.002
YLR085C_dma3157	0.991	0.003
YJR032W_dma2618	0.943	0.003
YBL008W_dma90	1.020	0.004
YLR089C_dma3191	0.611	0.007
YHR031C_dma2111	0.949	0.002
YDR186C_dma966	1.047	0.002
YMR290C_tsa1161	0.922	0.004
YDR260C_dma1012	1.068	0.003
YKL212W_dma2911	0.386	0.007
YPL098C_dma4846	0.974	0.005
YKL068W_dma2803	1.025	0.003
YKR092C_dma3002	0.927	0.004
YDR363W_dma1100	0.894	0.003
YPR179C_dma5157	0.749	0.004
YLR401C_dma3444	1.070	0.003
YER153C_dma1445	0.775	0.006
YCR077C_dma599	0.861	0.003
YMR296C_tsa603	0.662	0.005
YPL194W_dma4924	1.054	0.002
YMR268C_tsa402	0.945	0.004
YLR360W_dma3386	0.938	0.002
YKL127W_dma2853	1.048	0.003
YLR342W_dma3377	0.870	0.003
YAR014C_dma66	0.883	0.003
YIL118W_tsa654	1.002	0.002
YPL269W_dma5009	1.073	0.002
YPR070W_dma5068	0.815	0.004
YMR166C_dma3761	0.944	0.003
YOR007C_dma4439	1.112	0.002
YMR230W_dma3826	0.844	0.003
YPR141C_dma5133	0.688	0.005
YDL191W_dma785	NaN	NaN
YBR058C-A_tsa571	0.872	0.004
YJR124C_dma2719	1.015	0.003
YLL004W_tsa351	0.987	0.004
YFL026W_dma1499	NaN	NaN
YDR113C_tsa862	1.007	0.004
YOR115C_dma4546	0.999	0.004
YJL115W_dma2518	0.714	0.003
YHR206W_dma2241	0.972	0.002
YDR123C_dma920	0.586	0.005
YGR134W_dma1893	1.020	0.002
YNL001W_dma4193	0.982	0.002
YLR418C_dma3477	0.930	0.004
YGR287C_dma2037	1.072	0.004
YBL089W_dma161	1.000	0.003
YOR080W_dma4493	0.460	0.005
YLR436C_dma3485	0.971	0.002
YNL031C_dma3953	1.021	0.003
YDR005C_dma837	0.939	0.003
YPL008W_dma4766	0.891	0.009
YJL013C_dma2459	1.054	0.004
YGR085C_dma1855	0.816	0.005
YIL048W_tsa188	0.741	0.005
YDR348C_dma1086	1.009	0.003
YBL047C_dma126	1.006	0.003
YMR229C_tsa1051	0.818	0.004
YBR283C_dma455	0.950	0.003
YKR030W_dma2947	1.072	0.004
YNL006W_tsa466	0.789	0.005
YBR162C_dma320	0.969	0.004
YPR046W_dma5063	1.027	0.003
YJR082C_dma2657	1.036	0.005
YHR086W_dma2147	1.060	0.003
YDR392W_dma1125	0.825	0.004
YDL099W_dma691	1.035	0.002
YMR299C_dma3891	0.902	0.004
YER157W_tsa41	0.749	0.004
YPL017C_dma4786	1.066	0.002
YDR310C_dma1063	0.942	0.003
YDL208W_tsa1176	NaN	NaN
YGL213C_dma1731	0.944	0.002
YGR229C_dma1990	0.841	0.004
YER147C_tsa1259	1.008	0.003
YMR190C_dma3784	0.923	0.005
YOR195W_dma4587	1.081	0.002
YBL052C_dma122	1.026	0.003
YDR082W_tsa599	0.887	0.005
YDL226C_dma810	NaN	NaN
YJL159W_dma2553	1.121	0.003
YPR065W_dma5072	1.083	0.004
YLR190W_dma3259	0.800	0.004
YGL043W_dma1631	0.842	0.004
YDR156W_dma940	0.979	0.004
YIL159W_dma2379	NaN	NaN
YLR026C_tsa198	0.705	0.009
YMR004W_dma3614	0.993	0.002
YIR011C_tsa1105	0.879	0.004
YDR463W_dma1199	0.822	0.004
YHR142W_dma2174	1.061	0.002
YOL006C_dma4293	0.826	0.004
YMR123W_dma3715	0.783	0.005
YBR083W_dma244	1.009	0.003
YDR486C_dma1207	0.965	0.004
YHR204W_dma2242	1.004	0.003
YJR070C_dma2642	0.924	0.003
YER095W_dma1402	0.870	0.003
YNL051W_dma3963	0.994	0.003
YJL154C_dma2534	0.852	0.003
YDR435C_dma1168	1.001	0.003
YBR094W_dma260	1.005	0.003
YLR441C_dma3482	0.814	0.004
YLR087C_dma3192	0.787	0.007
YGL194C_dma1723	1.002	0.004
YPR024W_dma5032	NaN	NaN
YDR393W_dma1124	0.864	0.003
YDR172W_tsa28	0.340	0.008
YHR200W_dma2222	0.944	0.003
YML047C_dma3544	1.024	0.003
YFL039C_tsa223	0.831	0.004
YIL065C_dma2325	0.979	0.003
YDL088C_dma676	1.057	0.003
YDR437W_tsa1014	0.719	0.005
YAL011W_dma17	0.971	0.003
YKR029C_dma2948	0.953	0.003
YPL226W_dma4968	0.327	0.006
YGR100W_dma1869	1.010	0.003
YML128C_dma3618	0.938	0.003
YPR152C_dma5126	1.084	0.003
YOL021C_tsa1030	0.998	0.002
YKR095W_dma3022	1.011	0.005
YHR166C_tsa86	1.013	0.003
YNL136W_dma4040	0.902	0.003
YPL161C_dma4906	0.862	0.005
YNR032W_dma4258	1.027	0.003
YKL213C_dma2910	0.880	0.003
YPL115C_dma4853	0.994	0.003
YGR068C_dma5190	1.023	0.003
YBR009C_dma188	0.989	0.003
YPR178W_tsa819	0.889	0.005
YER130C_dma1425	1.037	0.004
YJR125C_dma2718	0.985	0.002
YAL001C_tsa508	0.969	0.005
YNR009W_dma4208	1.034	0.003
YNL044W_dma3968	1.025	0.003
YJL134W_dma2529	1.018	0.003
YDR207C_dma979	0.738	0.004
YDL091C_dma696	0.947	0.003
YER161C_dma1464	0.872	0.002
YLR166C_tsa63	1.020	0.002
YMR129W_dma3711	1.037	0.003
YER083C_dma1389	0.767	0.005
YNL049C_dma3965	0.974	0.003
YKL114C_dma2838	1.051	0.003
YDR449C_tsa1255	0.947	0.003
YJL004C_dma2439	0.995	0.003
YDR083W_dma882	0.633	0.005
YPL152W_dma4876	0.945	0.004
YPR162C_tsa1247	0.714	0.005
YGL226C-A_dma1744	1.023	0.003
YLR347C_tsa226	0.941	0.003
YPL066W_dma4820	0.998	0.003
YML026C_dma3536	0.732	0.004
YBL031W_dma111	0.846	0.009
YNL041C_dma3970	0.995	0.003
YMR015C_dma3629	0.975	0.004
YML107C_dma3609	0.810	0.005
YIL040W_dma2275	0.535	0.010
YPL241C_dma4960	1.007	0.003
YOR123C_dma4542	0.917	0.003
YPR025C_tsa77	1.000	0.003
YLR410W_dma3437	0.860	0.004
YIL133C_dma2374	0.934	0.003
YPL213W_dma4955	0.698	0.004
YOR264W_dma4664	1.020	0.003
YHR118C_tsa1136	0.828	0.009
YMR198W_dma3800	NaN	NaN
YML114C_tsa695	1.057	0.003
YLR325C_dma3367	1.076	0.004
YIL084C_dma2337	0.954	0.004
YNR018W_dma4202	0.856	0.004
YPR135W_dma5136	0.841	0.003
YBR188C_dma343	1.096	0.003
YDR315C_dma1059	0.815	0.003
YMR238W_dma3821	1.056	0.002
YKR094C_dma3023	0.869	0.004
YDR389W_dma1127	0.978	0.004
YHR041C_dma2104	0.763	0.006
YER078C_dma1370	NaN	NaN
YLR293C_tsa256	0.834	0.005
YDR479C_dma1190	1.043	0.003
YFL038C_tsa591	0.940	0.003
YNL058C_dma3981	1.001	0.003
YGL054C_dma1625	1.018	0.003
YLR274W_tsa403	1.041	0.003
YER131W_dma1424	0.904	0.003
YLR383W_tsa747	1.018	0.004
YOR109W_dma4528	1.017	0.003
YBL007C_dma91	0.962	0.004
YOR106W_dma4531	0.700	0.007
YDR101C_dma891	0.826	0.004
YDR369C_dma1097	0.991	0.004
YDR127W_dma916	0.852	0.007
YJL062W_dma2476	1.082	0.004
YMR224C_dma3806	0.750	0.003
YOR327C_dma4718	0.903	0.005
YBR107C_dma273	1.019	0.003
YKL020C_dma2755	1.057	0.003
YIR034C_dma2448	NaN	NaN
YNR032C-A_dma4259	1.131	0.003
YJL130C_dma2510	0.107	0.002
YJL183W_dma2559	1.037	0.003
YGL252C_dma1770	0.599	0.006
YER096W_dma1401	0.991	0.003
YLR210W_dma3270	1.019	0.003
YJR064W_tsa1254	0.971	0.003
YGL077C_dma1652	1.081	0.005
YDL240W_dma821	NaN	NaN
YER155C_dma1444	0.954	0.003
YLR079W_dma3163	0.640	0.006
YDR440W_dma1187	1.095	0.002
YCR031C_dma559	1.000	0.003
YML032C_dma3531	0.815	0.004
YPR120C_dma5102	1.036	0.003
YCR033W_dma557	0.981	0.003
YLR320W_dma3369	0.637	0.006
YHR158C_dma2186	1.011	0.004
YIR006C_tsa353	0.934	0.004
YMR153W_dma3751	1.024	0.003
YER178W_dma1475	0.813	0.003
YNL071W_dma3994	0.960	0.004
YDR188W_tsa1016	0.656	0.008
YNL030W_dma3954	1.049	0.004
YMR076C_tsa983	0.847	0.003
YHR006W_dma2080	1.016	0.004
YDR482C_dma1210	0.976	0.003
YPL190C_tsa861	0.414	0.008
YGL160W_dma1695	1.060	0.003
YDR212W_tsa448	0.859	0.003
YBR103W_dma254	0.985	0.004
YIL034C_dma2258	1.069	0.002
YLR330W_dma3362	0.949	0.002
YOR026W_dma4443	0.767	0.005
YOR368W_dma4760	1.072	0.003
YMR292W_dma3896	1.079	0.003
YOR116C_tsa831	0.862	0.005
YPR181C_tsa900	0.561	0.008
YAL040C_dma44	0.972	0.003
YGL016W_dma1602	0.990	0.004
YLR110C_dma3198	0.941	0.004
YAR007C_tsa273	0.894	0.004
YLR319C_dma3370	0.998	0.003
YOR040W_dma4453	1.058	0.003
YKR054C_dma2983	1.014	0.004
YDR159W_dma960	0.511	0.005
YAL053W_dma38	1.023	0.003
YNL003C_dma3935	0.562	0.011
YBL085W_dma165	1.036	0.002
YNL153C_dma4055	0.780	0.004
YLR050C_dma3134	1.088	0.004
YJR060W_dma2646	1.041	0.003
YOR025W_dma4444	1.057	0.003
YKL069W_dma2802	0.808	0.007
YDR077W_dma884	1.093	0.004
YGL014W_dma1604	1.046	0.004
YIR005W_dma2423	0.904	0.004
YDR246W_tsa1220	0.612	0.005
YGL113W_tsa1119	0.807	0.008
YER056C_dma1346	NaN	NaN
YDR238C_tsa721	1.005	0.003
YER173W_dma1457	1.014	0.004
YPL086C_dma4832	0.727	0.005
YOR349W_dma4752	0.997	0.005
YKL034W_dma2768	1.011	0.004
YOR163W_dma4564	1.016	0.003
YPR108W_tsa1037	0.800	0.005
YPR153W_dma5148	0.983	0.004
YCR017C_dma549	1.062	0.003
YDR043C_dma5221	0.925	0.004
YDL083C_dma679	0.475	0.006
YLR154C_dma3236	0.982	0.004
YBR070C_tsa1061	0.720	0.004
YBL084C_tsa90	0.866	0.006
YGL203C_dma1738	0.980	0.005
YCL010C_dma478	0.788	0.004
YLR398C_dma3423	0.891	0.004
YDR399W_dma1122	1.056	0.004
YNL141W_dma4038	0.468	0.007
YER149C_dma1449	1.107	0.004
YOR069W_dma4477	0.723	0.008
YLR071C_tsa908	NaN	NaN
YGR129W_dma1875	1.036	0.003
YDR150W_dma946	0.861	0.004
YDL008W_tsa783	0.422	0.005
YLR018C_dma3113	0.950	0.003
YDR373W_tsa399	0.863	0.003
YGR089W_dma1851	0.946	0.004
YKL025C_dma2753	1.039	0.003
YER120W_dma1408	0.946	0.005
YJL177W_dma5188	0.866	0.005
YDR335W_dma1070	0.913	0.003
YKL116C_dma2836	1.015	0.003
YER114C_dma1415	0.975	0.004
YOL064C_dma4348	0.640	0.006
YJR075W_dma2662	0.975	0.005
YLR337C_dma3380	0.530	0.006
YHR066W_dma2113	0.765	0.005
YOL004W_dma4294	0.795	0.006
YIL140W_dma2368	1.000	0.009
YLR100W_tsa1172	0.689	0.005
YGR270W_dma2009	0.810	0.007
YDL074C_dma651	0.615	0.007
YJL170C_dma2567	0.954	0.003
YNL068C_dma3974	1.016	0.003
YAL055W_dma59	0.900	0.003
YLR133W_dma3227	1.065	0.003
YBR048W_dma225	0.788	0.003
YBR260C_dma428	1.024	0.003
YLR045C_tsa545	1.000	0.004
YPL171C_dma4920	1.048	0.003
YGL112C_tsa608	0.910	0.003
YDL104C_dma689	0.965	0.003
YGL163C_dma1715	0.902	0.002
YDL132W_tsa974	NaN	NaN
YKL132C_dma2848	1.079	0.002
YHR018C_dma2096	NaN	NaN
YDR512C_dma1213	0.749	0.009
YCR065W_dma585	1.080	0.003
YBR086C_dma5238	1.031	0.004
YFL031W_dma1495	0.922	0.004
YBR118W_dma5254	0.941	0.004
YKR072C_dma2992	0.984	0.004
YHR178W_dma2213	0.489	0.008
YPL212C_dma4956	0.942	0.006
YPR030W_dma5050	0.973	0.003
YFR036W_tsa88	0.984	0.004
YAR002W_dma68	1.025	0.002
YHR004C_dma2082	0.973	0.003
YJL024C_dma2452	0.950	0.003
YOR127W_dma4539	0.967	0.003
YPR119W_dma5103	1.014	0.002
YBR109C_tsa155	0.879	0.003
YDR075W_dma886	1.062	0.004
YMR055C_dma3666	1.073	0.002
YKR057W_dma2980	0.922	0.003
YGR081C_dma1857	0.830	0.004
YML071C_dma3583	0.996	0.003
YAL025C_tsa1066	0.716	0.004
YGR261C_dma2014	0.985	0.002
YLR287C-A_dma3329	0.629	0.008
YML065W_tsa1170	0.972	0.003
YDR508C_dma1216	0.990	0.004
YDR014W_dma830	1.023	0.004
YGL078C_dma1651	0.780	0.005
YLR114C_dma3194	0.980	0.004
YPR018W_dma5036	0.894	0.004
YKR020W_dma2932	0.659	0.004
YML041C_dma3546	0.950	0.003
YGR214W_dma1976	0.813	0.003
YJL123C_dma2514	1.006	0.004
YOR196C_dma4586	0.633	0.005
YBL061C_dma137	0.975	0.002
YKR019C_dma2933	0.887	0.003
YMR109W_dma3703	0.988	0.003
YJR033C_dma2640	0.912	0.004
YGR179C_tsa227	1.003	0.002
YBR068C_dma231	1.024	0.003
YJR137C_dma2731	1.034	0.003
YPL076W_tsa462	0.905	0.003
YGR140W_tsa76	1.030	0.003
YMR304W_dma3909	0.936	0.003
YHL034C_dma2074	0.955	0.002
YKR026C_dma2951	1.090	0.003
YPL174C_dma4918	0.794	0.004
YMR307W_dma3905	0.801	0.004
YJR021C_dma2624	1.051	0.003
YOL077C_tsa1171	0.772	0.004
YKL101W_dma2824	0.958	0.004
YDR424C_dma1174	0.973	0.003
YFR013W_dma1558	0.996	0.003
YPL239W_dma4962	0.567	0.004
YBR255W_dma431	0.981	0.003
YLR381W_dma3414	0.981	0.003
YDR192C_dma964	0.983	0.003
YNL072W_dma3993	0.995	0.003
YBR195C_dma340	0.949	0.004
YKL145W_tsa190	0.717	0.004
YOR059C_dma4485	1.066	0.002
YGR092W_dma1850	0.809	0.005
YKL056C_dma2775	0.896	0.006
YGR166W_dma1941	0.985	0.003
YPL018W_dma4785	1.008	0.003
YDR302W_tsa1177	0.463	0.014
YOR311C_dma4694	0.969	0.003
YML015C_tsa645	0.867	0.004
YJL208C_dma2600	1.046	0.003
YDR189W_tsa251	0.960	0.004
YHR111W_dma2155	0.827	0.004
YCL014W_dma474	1.112	0.003
YHR067W_dma2135	0.571	0.005
YMR272C_dma3887	0.831	0.004
YLR315W_dma3372	1.058	0.004
YLR021W_dma3110	0.872	0.007
YKR099W_dma3018	0.902	0.003
YJR095W_dma2670	0.995	0.003
YKR027W_dma2950	0.952	0.003
YOR279C_dma4674	1.005	0.003
YKL027W_dma2751	0.985	0.003
YJL099W_dma2502	1.064	0.003
YPL158C_dma5360	0.942	0.003
YOR064C_dma4482	1.026	0.003
YGL087C_dma1665	1.036	0.004
YLR200W_dma3275	0.829	0.004
YJR135C_dma2732	1.040	0.003
YAL058W_dma56	0.993	0.004
YML121W_dma3622	0.741	0.004
YMR029C_dma3640	1.020	0.003
YBR194W_dma341	0.787	0.004
YGR072W_dma1839	1.006	0.003
YGL216W_dma1751	1.016	0.003
YKL110C_dma2840	0.803	0.004
YOR367W_dma4761	1.008	0.003
YHR003C_dma2083	0.965	0.003
YMR143W_dma3722	0.692	0.004
YFL007W_dma5286	1.036	0.004
YHR191C_dma2228	0.921	0.003
YDR532C_dma1246	0.367	0.006
YLL001W_dma3034	0.966	0.002
YMR197C_tsa634	0.962	0.005
YBR010W_dma187	1.004	0.003
YPL069C_dma4817	0.801	0.004
YLR216C_dma3266	1.100	0.003
YBR288C_dma450	0.993	0.003
YJR074W_dma2663	0.778	0.004
YJL046W_dma2464	0.746	0.005
YBR087W_tsa887	1.028	0.003
YDR229W_dma986	1.071	0.002
YGL027C_dma1617	0.988	0.003
YNL064C_dma3979	0.807	0.005
YMR273C_dma3886	1.129	0.003
YGL124C_dma1674	0.806	0.003
YLL049W_dma3092	0.869	0.004
YDR217C_dma995	1.090	0.004
YJR017C_tsa698	0.765	0.006
YBR246W_dma412	0.960	0.002
YML102W_dma3590	0.956	0.003
YDL173W_dma734	NaN	NaN
YPL195W_dma4923	0.972	0.003
YDR181C_dma970	1.064	0.002
YDL117W_dma705	0.813	0.003
YBR041W_dma209	0.992	0.003
YFR010W_dma1515	0.867	0.003
YJL124C_dma2513	0.911	0.003
YBR036C_dma211	0.697	0.006
YER111C_dma1394	0.936	0.003
YBL104C_dma173	0.977	0.003
YKR028W_dma2949	1.009	0.003
YGL147C_dma1683	NaN	NaN
YOL094C_tsa171	0.945	0.002
YPL052W_dma4808	1.017	0.002
YDR162C_dma958	0.815	0.004
YKR084C_dma3008	1.028	0.003
YLR264W_dma3301	0.785	0.005
YDR488C_dma1206	0.971	0.004
YHR108W_dma2158	0.984	0.003
YKL190W_dma2902	1.038	0.003
YML001W_dma3511	0.741	0.004
YBR248C_dma411	0.084	0.004
YNR026C_tsa305	0.714	0.003
YDL082W_dma680	0.825	0.004
YLR324W_dma3368	1.027	0.003
YER093C_tsa658	0.935	0.003
YMR048W_dma3671	1.015	0.002
YDR334W_dma1071	0.896	0.005
YMR219W_dma3810	1.051	0.003
YJR053W_dma2650	1.004	0.002
YCL016C_dma473	0.919	0.003
YGR248W_dma1997	1.014	0.003
YMR036C_dma3656	1.032	0.003
YCL061C_dma522	0.960	0.003
YDL243C_dma818	NaN	NaN
YJR140C_dma2729	0.964	0.002
YOL069W_tsa1154	1.097	0.002
YLR032W_dma3127	0.985	0.003
YDR318W_dma1079	1.000	0.003
YGR181W_dma1955	1.074	0.005
YLL043W_dma3052	0.945	0.004
YPL120W_dma4850	0.910	0.005
YDR146C_dma927	0.913	0.004
YKR082W_dma3009	0.960	0.004
YPL057C_dma4803	0.972	0.003
YOR213C_dma4626	1.089	0.003
YMR239C_tsa674	0.866	0.004
YDR147W_dma926	0.956	0.003
YOR144C_dma4571	0.969	0.004
YGR015C_dma1795	1.051	0.003
YPL106C_dma4839	0.510	0.009
YLL038C_dma3057	1.002	0.003
YLR448W_dma3499	0.770	0.005
YDL070W_dma653	0.966	0.004
YOL102C_tsa1264	0.791	0.005
YBR215W_dma370	0.973	0.002
YDR386W_dma1107	0.995	0.003
YPR055W_tsa122	1.005	0.002
YDR349C_dma1085	1.007	0.002
YKR010C_dma2919	1.011	0.004
YBL097W_tsa510	0.739	0.007
YOR344C_dma4733	1.018	0.003
YDR485C_dma1208	0.983	0.006
YDL108W_tsa109	0.810	0.005
YJR014W_dma2628	0.929	0.003
YDR354W_dma1082	0.969	0.003
YKL041W_dma2763	0.569	0.006
YBR131W_dma294	0.744	0.004
YPL156C_dma4873	1.023	0.005
YLR005W_tsa752	0.599	0.006
YBL051C_dma123	0.881	0.004
YLR262C_dma3304	0.814	0.004
YPR167C_dma5140	1.036	0.004
YLR142W_dma3221	1.055	0.004
YDL100C_dma690	0.940	0.004
YLR181C_dma3244	1.015	0.003
YJL095W_dma2504	0.950	0.003
YDR128W_dma915	0.683	0.004
YML028W_dma3534	0.841	0.003
YKL168C_dma2870	1.079	0.003
YMR294W_dma3895	0.933	0.003
YOL018C_dma4304	0.804	0.004
YGR014W_dma1796	1.016	0.002
YKR048C_dma2953	0.996	0.003
YGL232W_dma1760	1.048	0.004
YIL095W_dma2329	0.978	0.004
YDR311W_tsa715	0.572	0.004
YIR037W_dma2445	0.959	0.003
YDR497C_dma1223	1.033	0.003
YER098W_dma1399	0.990	0.003
YOL070C_dma4367	0.980	0.003
YBR231C_dma400	0.884	0.005
YDR473C_tsa58	1.030	0.004
YGR027C_dma1808	0.867	0.004
YBL087C_dma163	0.884	0.006
YDL136W_dma732	NaN	NaN
YGR096W_dma1871	1.045	0.004
YHR167W_dma2216	1.015	0.003
YOR228C_dma4638	1.010	0.003
YJR092W_dma2673	1.009	0.003
YDL098C_tsa1079	0.916	0.003
YJL121C_dma2516	0.906	0.004
YLL048C_dma3093	1.042	0.003
YIL149C_dma2386	1.050	0.003
YDR092W_dma900	1.024	0.003
YJR043C_dma2634	0.993	0.004
YDL006W_dma620	0.725	0.008
YBR229C_dma402	0.974	0.004
YGL110C_dma1680	0.935	0.004
YBR004C_tsa1243	0.937	0.004
YML103C_dma3612	0.772	0.005
YDR378C_dma1114	0.568	0.007
YJR050W_dma2630	1.051	0.003
YDL192W_dma784	NaN	NaN
YBR275C_dma438	1.076	0.004
YDR108W_dma909	1.021	0.004
YLR367W_dma3402	1.051	0.004
YJL053W_dma2482	0.877	0.004
YNL067W_dma3975	0.894	0.003
YLL040C_dma3055	0.945	0.004
YOR002W_dma4420	0.951	0.003
YFR038W_dma1582	1.040	0.003
YKL052C_tsa1002	1.009	0.003
YHR030C_dma2112	0.909	0.004
YCR053W_dma569	0.449	0.008
YKL113C_dma2839	0.908	0.005
YMR127C_dma3712	1.087	0.005
YPL265W_dma5011	1.083	0.004
YKL176C_dma2888	0.929	0.005
YGR157W_dma1899	0.247	0.005
YOR039W_dma4454	0.829	0.005
YFL029C_tsa650	0.929	0.004
YLL021W_dma3042	1.061	0.004
YJL020C_dma2456	1.047	0.004
YFR052W_tsa405	0.693	0.005
YPR032W_dma5048	0.635	0.019
YHR036W_tsa1038	0.826	0.006
YGL174W_dma1707	0.895	0.006
YHR122W_tsa1208	0.838	0.004
YBL105C_tsa538	0.697	0.004
YHR078W_dma2130	1.058	0.003
YBR028C_dma194	0.971	0.004
YGR028W_dma1807	0.963	0.004
YCR063W_dma586	0.411	0.005
YDR254W_dma1018	0.998	0.004
YGL175C_dma1706	0.980	0.004
YKL087C_dma5201	0.936	0.004
YLR048W_dma3136	0.660	0.008
YBR227C_dma404	1.036	0.003
YIL090W_dma2332	0.483	0.008
YCR086W_dma593	0.935	0.004
YGL084C_dma1668	0.895	0.005
YNL298W_tm444	0.60546	NaN
YER169W_tm1253	0.67208	NaN
YBR037C_tm2303	0.84643	NaN
YNL307C_tm443	0.86404	NaN
YEL016C_tm1808	0.87009	NaN
YCR075W-A_tm1177	0.87109	NaN
YML081W_tm1792	0.92169	NaN
YMR142C_tm1168	0.94323	NaN
YJR005C-A_tm1165	0.96576	NaN
YML082W_tm1989	0.96577	NaN
YPL077C_tm1119	0.9738	NaN
YER103W_tm1189	0.97783	NaN
YDR507C_tm372	0.978	NaN
YNL160W_tm1288	0.98181	NaN
YNL173C_tm1208	0.98228	NaN
YNL257C_tm1182	0.99483	NaN
YMR081C_tm1158	0.99636	NaN
YEL060C_tm421	1.0017	NaN
YGL134W_tm1193	1.01	NaN
YEL006W_tm506	1.0108	NaN
YNL278W_tm1981	1.0184	NaN
YEL025C_tm1154	1.0228	NaN
YNL309W_tm463	1.0264	NaN
YNL195C_tm948	1.0409	NaN
YEL070W_tm3315	1.053	NaN
YNL283C_tm688	1.053	NaN
YEL047C_tm538	1.1153	NaN
YEL039C_tm523	NaN	NaN
YBR078W_tm430	1.0319	NaN
YCR069W_tm404	NaN	NaN
YCR106W_tm2986	1.0013	NaN
YHR131C_tm569	0.9968	NaN
YGL258W_tm3002	0.99433	NaN
YJL116C_tm1866	0.966	NaN
YBL056W_tm1869	0.985	NaN
YNL157W_tm1816	0.97029	NaN
YDR155C_tm2811	0.97029	NaN
YDR505C_tm456	0.917	NaN
YFL048C_tm2207	0.95521	NaN
YDR273W_tm466	0.95825	NaN
YDR085C_tm451	1.0004	NaN
YAR002C-A_tm2201	0.97986	NaN
YDR272W_tm530	0.91865	NaN
YCL024W_tm720	0.84098	NaN
YDL155W_tm465	1.0029	NaN
YOR387C_tm3317	0.98679	NaN
YBL054W_tm484	0.96776	NaN
YFR022W_tm690	0.97078	NaN
YOR375C_tm611	0.91059	NaN
YJR058C_tm3310	0.91361	NaN
YKR091W_tm469	1.0189	NaN
YBR005W_tm615	0.95673	NaN
YKL187C_tm666	1.0278	NaN
YHR160C_tm1128	0.9282	NaN
YML078W_tm3126	0.97277	NaN
YPL191C_tm1207	1.032	NaN
YJL045W_tm1221	0.985	NaN
YOR083W_tm2233	0.93771	NaN
YCL011C_tm679	0.81795	NaN
YOR280C_tm1150	0.905	NaN
YOR299W_tm2000	0.929	NaN
YCL035C_tm450	0.93922	NaN
YOR120W_tm1812	0.96	NaN
YCL036W_tm553	0.98885	NaN
YOR222W_tm505	0.992	NaN
YCL050C_tm623	1.0054	NaN
YOR247W_tm709	1.02	NaN
YOR173W_tm393	1.057	NaN
YNL052W_tm1133	0.941	NaN
YCR026C_tm1863	1.044	NaN
YGR097W_tm1098	0.86495	NaN
YCR073W-A_tm593	0.91319	NaN
YCR089W_tm434	0.9212	NaN
YOR227W_tm1281	0.934	NaN
YCL040W_tm529	0.95851	NaN
YOR127W_tm1229	0.967	NaN
YCR105W_tm3127	0.9783	NaN
YOR180C_tm1152	0.979	NaN
YKR003W_tm362	0.98333	NaN
YOR307C_tm2990	0.985	NaN
YOR153W_tm2179	1.011	NaN
YCL048W_tm2185	1.0299	NaN
YOR172W_tm1160	1.053	NaN
YCR048W_tm1889	0.991	NaN
YOR233W_tm706	0.804	NaN
YOR193W_tm1184	1.009	NaN
YCR010C_tm511	0.8806	NaN
YOR214C_tm2068	0.973	NaN
YOR237W_tm708	1.03	NaN
YDR492W_tm2215	0.98135	NaN
YIL149C_tm1842	1.02	NaN
YGR283C_tm582	0.88459	NaN
YDR125C_tm429	0.96574	NaN
YKR084C_tm1833	0.96755	NaN
YNR028W_tm1270	0.87459	NaN
YNR002C_tm1134	0.92869	NaN
YHR152W_tm2231	0.96927	NaN
YLR373C_tm1874	0.614	NaN
YGL197W_tm1251	0.91264	NaN
YKR029C_tm1196	0.95018	NaN
YOR304W_tm2988	0.958	NaN
YDR287W_tm3308	0.98283	NaN
YMR279C_tm2255	0.98335	NaN
YNL058C_tm1145	1.0059	NaN
YKR095W_tm1878	1.0129	NaN
YLR313C_tm384	0.932	NaN
YNR034W-A_tm570	0.98634	NaN
YOR069W_tm1290	0.71069	NaN
YDL082W_tm587	0.7248	NaN
YDL088C_tm373	1.0339	NaN
YPL273W_tm600	0.91765	NaN
YHR030C_tm432	0.94223	NaN
YKL093W_tm606	0.996	NaN
YER093C-A_tm357	0.70762	NaN
YMR198W_tm467	0.65808	NaN
YJL047C_tm478	0.82145	NaN
YJR032W_tm2359	0.71025	NaN
YLR110C_tm619	0.84451	NaN
YOR039W_tm2382	0.79234	NaN
YML116W_tm513	0.99729	NaN
YBL059W_tm621	0.81542	NaN
YGR027C_tm1876	0.73623	NaN
YLR168C_tm1809	0.86205	NaN
YKL148C_tm607	0.94322	NaN
YLR108C_tm2287	1.0139	NaN
YDR146C_tm464	0.89415	NaN
YIL036W_tm2253	0.90761	NaN
YBR025C_tm2369	0.71621	NaN
YER095W_tm3313	0.78183	NaN
YMR275C_tm1122	0.79193	NaN
YPL250C_tm675	0.841	NaN
YJR048W_tm1240	0.90415	NaN
YGR239C_tm417	0.90511	NaN
YER120W_tm2001	0.90919	NaN
YIL056W_tm1101	0.91713	NaN
YGR121C_tm716	0.93821	NaN
YPL037C_tm370	0.96778	NaN
YBR273C_tm402	0.97258	NaN
YDL181W_tm1095	0.97331	NaN
YMR310C_tm1183	0.97861	NaN
YDR035W_tm2392	0.99282	NaN
YJL065C_tm1826	1.0019	NaN
YGR049W_tm458	NaN	NaN
YGL019W_tm2362	0.88206	NaN
YKL027W_tm1194	0.89258	NaN
YOR018W_tm1814	0.89759	NaN
YOR338W_tm1118	0.90425	NaN
YHR108W_tm2193	0.91265	NaN
YJL139C_tm438	0.92215	NaN
YGR004W_tm605	0.9653	NaN
YAL051W_tm1861	0.97981	NaN
YPL145C_tm2007	0.98135	NaN
YPR172W_tm1209	0.9823	NaN
YJL105W_tm480	0.99333	NaN
YGR086C_tm2358	0.99383	NaN
YPL095C_tm1136	1.0108	NaN
YML018C_tm1986	1.0314	NaN
YHR158C_tm1191	1.0355	NaN
YNL004W_tm1818	0.9673	NaN
YIL085C_tm431	0.98782	NaN
YOL019W_tm1171	0.91017	NaN
YJL165C_tm499	0.90928	NaN
YPL112C_tm415	0.916	NaN
YPL177C_tm2289	0.9402	NaN
YOL092W_tm1234	0.97078	NaN
YDR132C_tm573	0.99432	NaN
YLR258W_tm1107	1.0067	NaN
YMR115W_tm1110	0.72759	NaN
YGR273C_tm676	0.97578	NaN
YDR252W_tm703	0.96253	NaN
YMR139W_tm1291	0.97157	NaN
YOL043C_tm1115	0.9768	NaN
YNR073C_tm3000	0.95172	NaN
YNL029C_tm1266	0.87053	NaN
YJL098W_tm1202	0.88213	NaN
YMR058W_tm2989	0.88761	NaN
YJR130C_tm673	0.91472	NaN
YOR076C_tm1879	0.92215	NaN
YNL053W_tm441	0.93824	NaN
YKL121W_tm564	0.94846	NaN
YDR001C_tm2004	0.95827	NaN
YOR047C_tm1188	0.95877	NaN
YMR199W_tm1886	0.96527	NaN
YOR363C_tm1805	0.96623	NaN
YLR332W_tm2229	0.97127	NaN
YJR152W_tm2371	0.97127	NaN
YLR136C_tm1217	0.97233	NaN
YBR172C_tm406	0.97481	NaN
YPL137C_tm578	0.9828	NaN
YLR177W_tm1215	0.98881	NaN
YFR023W_tm455	1.0018	NaN
YML007W_tm1275	NaN	NaN
YKR027W_tm1897	0.96778	NaN
YLL012W_tm550	0.96932	NaN
YLR284C_tm532	0.971	NaN
YIL151C_tm652	0.97235	NaN
YBR014C_tm405	0.9776	NaN
YLR324W_tm1241	0.97778	NaN
YDR151C_tm498	0.97828	NaN
YBR020W_tm533	0.98832	NaN
YOL113W_tm1228	0.99889	NaN
YKR052C_tm1894	1.0429	NaN
YDR096W_tm476	1.0465	NaN
YDL204W_tm1864	1.1056	NaN
YDR147W_tm527	NaN	NaN
YOL091W_tm2069	0.90255	NaN
YJL110C_tm383	0.97734	NaN
YNR019W_tm375	0.9752	NaN
YAL028W_tm1860	0.93018	NaN
YLR333C_tm1827	0.95377	NaN
YDR043C_tm1807	0.96729	NaN
YLR346C_tm1132	0.9863	NaN
YML111W_tm447	0.98682	NaN
YLL051C_tm1990	0.99687	NaN
YGL021W_tm2006	0.99936	NaN
YER089C_tm2279	1.0004	NaN
YLR092W_tm3003	1.0109	NaN
YBR104W_tm507	1.0144	NaN
YGR197C_tm504	1.0249	NaN
YPR058W_tm1121	1.0489	NaN
YDR530C_tm2002	1.061	NaN
YDR178W_tm604	0.9392	NaN
YLR225C_tm364	0.95979	NaN
YPL053C_tm1795	0.99433	NaN
YHR162W_tm2295	0.99532	NaN
YPL163C_tm1992	1.0048	NaN
YGR248W_tm637	1.0064	NaN
YMR177W_tm509	0.92837	NaN
YLR133W_tm1258	0.92864	NaN
YMR175W_tm448	0.95928	NaN
YLR174W_tm535	0.97526	NaN
YGL179C_tm1174	0.97934	NaN
YNR059W_tm2999	0.99283	NaN
YGL056C_tm1998	1.0069	NaN
YLL021W_tm2197	1.0079	NaN
YDR134C_tm1991	1.0099	NaN
YBL061C_tm1839	0.84998	NaN
YER158C_tm1280	0.85704	NaN
YGL166W_tm1097	0.89209	NaN
YDR003W_tm377	0.93872	NaN
YLR238W_tm1218	0.947	NaN
YOR033C_tm1252	0.94772	NaN
YPR156C_tm1139	0.95825	NaN
YBL075C_tm420	0.97328	NaN
YLR164W_tm1181	0.97777	NaN
YJL133W_tm2261	1.03	NaN
YDR522C_tm1248	1.0354	NaN
YDR406W_tm2299	1.0409	NaN
YDL223C_tm1126	1.147	NaN
YPL141C_tm1993	0.876	NaN
YIL050W_tm1212	0.89558	NaN
YGL104C_tm1263	0.90009	NaN
YHR003C_tm521	0.91263	NaN
YBL043W_tm427	0.9452	NaN
YAL036C_tm3319	0.95773	NaN
YPR042C_tm1283	0.96081	NaN
YPL264C_tm2390	0.96474	NaN
YJL186W_tm2997	0.96625	NaN
YBR182C_tm705	0.96632	NaN
YPL048W_tm2810	0.96777	NaN
YJL112W_tm1836	0.96777	NaN
YBR241C_tm2213	0.971	NaN
YGL257C_tm3314	0.99984	NaN
YER119C_tm1287	1.035	NaN
YHR094C_tm381	0.90557	NaN
YGR173W_tm3004	0.95119	NaN
YPR157W_tm1987	0.994	NaN
YMR182C_tm489	0.92715	NaN
YPL253C_tm1173	0.96076	NaN
YHR206W_tm475	0.77428	NaN
YML100W_tm549	0.93467	NaN
YGR141W_tm719	0.94421	NaN
YGR008C_tm518	0.98684	NaN
YLR356W_tm1144	NaN	NaN
YFR015C_tm2183	0.96575	NaN
YAL056W_tm1888	0.96977	NaN
YMR053C_tm2239	0.98531	NaN
YGL096W_tm1859	1.0204	NaN
YJL048C_tm2319	0.95475	NaN
YBL009W_tm624	0.95973	NaN
YJR127C_tm672	0.96428	NaN
YHR146W_tm479	0.97381	NaN
YMR318C_tm2812	0.9788	NaN
YJL126W_tm2377	0.97985	NaN
YMR261C_tm1223	0.9833	NaN
YAL015C_tm461	0.986	NaN
YJL193W_tm3305	0.99181	NaN
YPL134C_tm1164	0.99435	NaN
YIL045W_tm1100	0.99536	NaN
YGR035C_tm560	1.0029	NaN
YLL054C_tm3301	1.0068	NaN
YHL014C_tm2389	1.0084	NaN
YJL137C_tm650	1.0093	NaN
YGR041W_tm426	1.0199	NaN
YMR285C_tm1227	1.0424	NaN
YPL089C_tm1985	1.046	NaN
YLR210W_tm1108	1.0595	NaN
YLR413W_tm1817	0.87405	NaN
YKL062W_tm1840	0.875	NaN
YBR024W_tm508	0.89657	NaN
YKL105C_tm563	0.91713	NaN
YDR368W_tm1865	0.92464	NaN
YDR399W_tm3320	0.94171	NaN
YML034W_tm386	0.94471	NaN
YLR004C_tm2391	0.96727	NaN
YLR046C_tm1286	0.9733	NaN
YJL084C_tm454	0.9743	NaN
YDR304C_tm401	0.98779	NaN
YBL069W_tm416	0.98783	NaN
YMR031C_tm2291	0.99883	NaN
YHR155W_tm528	1.0084	NaN
YPL171C_tm2994	1.0109	NaN
YBL089W_tm603	1.0119	NaN
YLL062C_tm1156	1.029	NaN
YBR278W_tm1882	1.0299	NaN
YJR015W_tm1180	1.0716	NaN
YKL157W_tm1219	0.86444	NaN
YLR266C_tm495	0.93019	NaN
YBL091C-A_tm583	0.93239	NaN
YHR210C_tm3322	0.93518	NaN
YIL057C_tm1261	0.94872	NaN
YDR453C_tm473	0.95349	NaN
YML070W_tm2991	0.96276	NaN
YER166W_tm379	0.96375	NaN
YLL061W_tm514	0.96526	NaN
YHR047C_tm543	0.97883	NaN
YGR138C_tm516	0.99585	NaN
YPL219W_tm546	1.0325	NaN
YPL229W_tm1244	0.91832	NaN
YPL105C_tm1204	0.92719	NaN
YBR148W_tm2066	0.94008	NaN
YDL010W_tm2305	1.001	NaN
YIL117C_tm436	1.007	NaN
YPR138C_tm399	0.93716	NaN
YJR115W_tm1130	0.9372	NaN
YKL161C_tm1104	0.95026	NaN
YDR458C_tm664	0.95675	NaN
YBR216C_tm585	0.96775	NaN
YHR096C_tm620	0.98534	NaN
YOR040W_tm2321	1.0044	NaN
YDL179W_tm1094	1.0389	NaN
YKL133C_tm565	0.9492	NaN
YOL153C_tm2987	0.95323	NaN
YOL024W_tm367	0.96327	NaN
YER129W_tm471	1.0144	NaN
YGR023W_tm428	1.0425	NaN
YJL164C_tm445	0.886	NaN
YJR133W_tm3005	0.96572	NaN
YJR039W_tm580	0.98381	NaN
YLR170C_tm2995	0.9878	NaN
YDR345C_tm1999	0.9974	NaN
YDR423C_tm491	0.99786	NaN
YDR259C_tm691	1.0069	NaN
YAL062W_tm2003	1.0118	NaN
YLR099C_tm1264	1.0259	NaN
YMR181C_tm568	1.045	NaN
YKR058W_tm361	0.89159	NaN
YOR028C_tm1984	0.92315	NaN
YIL006W_tm1206	0.93313	NaN
YGR088W_tm2992	0.93371	NaN
YLR080W_tm1106	0.94722	NaN
YMR119W_tm601	0.95075	NaN
YDR222W_tm2195	0.95776	NaN
YFL053W_tm3306	0.96177	NaN
YBR270C_tm556	0.96225	NaN
YPL249C_tm371	0.97157	NaN
YNR034W_tm1170	0.97331	NaN
YPL274W_tm2247	0.97431	NaN
YGR230W_tm2070	0.98177	NaN
YBR183W_tm531	0.989	NaN
YMR253C_tm2370	0.99029	NaN
YLR020C_tm2249	0.991	NaN
YKL166C_tm1220	0.992	NaN
YDR009W_tm2327	0.99384	NaN
YDR351W_tm1841	1.0029	NaN
YOR042W_tm1272	1.0114	NaN
YML047C_tm365	1.0189	NaN
YKL168C_tm1214	1.0194	NaN
YDR251W_tm702	1.0791	NaN
YJL058C_tm1102	0.92636	NaN
YMR192W_tm712	0.95275	NaN
YDR033W_tm355	0.96126	NaN
YPL004C_tm2378	0.96175	NaN
YGR136W_tm423	0.963	NaN
YMR297W_tm3001	0.96877	NaN
YJL172W_tm3302	0.98232	NaN
YLR353W_tm2313	0.98463	NaN
YAL034C_tm552	0.98986	NaN
YBR054W_tm613	1.032	NaN
YJL181W_tm561	1.0364	NaN
YKL050C_tm562	1.0464	NaN
YFR012W_tm558	0.89711	NaN
YPL032C_tm1810	0.96626	NaN
YKL220C_tm1867	0.97732	NaN
YGL013C_tm2277	0.98332	NaN
YJL079C_tm425	0.98781	NaN
YJL212C_tm2367	1.0069	NaN
YHR132W-A_tm678	1.0189	NaN
YBR177C_tm525	1.0455	NaN
YOR019W_tm353	0.9217	NaN
YBR245C_tm3303	0.93018	NaN
YKR034W_tm2187	0.95525	NaN
YHR163W_tm1800	0.95774	NaN
YNR044W_tm1135	0.9613	NaN
YPL256C_tm1834	0.96181	NaN
YDR513W_tm2315	0.97426	NaN
YJR091C_tm468	0.98331	NaN
YER088C_tm1797	0.98881	NaN
YDR516C_tm1237	0.99335	NaN
YFR017C_tm683	0.99368	NaN
YBR139W_tm3316	0.95826	NaN
YHR046C_tm2993	0.98131	NaN
YMR086W_tm1285	0.89565	NaN
YKR098C_tm1199	0.91663	NaN
YKR077W_tm577	0.96425	NaN
YBR214W_tm2227	0.96729	NaN
YPL087W_tm2257	0.98132	NaN
YDR475C_tm2211	0.99786	NaN
YDR358W_tm1230	1.0114	NaN
YLR072W_tm1105	1.0349	NaN
YPR115W_tm482	0.92664	NaN
YMR295C_tm392	0.9344	NaN
YIL156W_tm501	0.94042	NaN
YPL130W_tm2071	0.95322	NaN
YLR216C_tm2379	0.97931	NaN
YER101C_tm1233	0.98783	NaN
YDL079C_tm541	1.0079	NaN
YMR040W_tm1109	1.0083	NaN
YBR249C_tm3412	NaN	NaN
YOR324C_tm1804	0.838	NaN
YKL065C_tm403	0.84245	NaN
YJR051W_tm1103	0.91921	NaN
YIR037W_tm449	0.92916	NaN
YOL105C_tm1794	0.97358	NaN
YIL113W_tm1250	0.99387	NaN
YFR013W_tm1870	1.0204	NaN
YPR194C_tm2387	0.85904	NaN
YBR066C_tm617	0.89521	NaN
YPL230W_tm1146	0.9031	NaN
YMR222C_tm596	0.92462	NaN
YLR131C_tm2301	0.93267	NaN
YKL103C_tm2394	0.93469	NaN
YHR113W_tm2374	0.93519	NaN
YBR197C_tm572	0.9517	NaN
YER132C_tm453	0.95273	NaN
YKR013W_tm1198	0.959	NaN
YLR096W_tm1197	0.96473	NaN
YOR003W_tm1282	0.96477	NaN
YDR256C_tm3307	0.96826	NaN
YML056C_tm1226	0.96827	NaN
YHR139C_tm452	0.97229	NaN
YMR037C_tm1895	0.97926	NaN
YIL111W_tm526	0.97981	NaN
YLR432W_tm599	0.98585	NaN
YNR071C_tm3007	0.9893	NaN
YOL017W_tm1823	0.99066	NaN
YOL131W_tm1159	0.99281	NaN
YMR102C_tm2323	0.99531	NaN
YPL224C_tm1243	1.0049	NaN
YOL056W_tm2325	1.0134	NaN
YDR055W_tm1211	1.0163	NaN
YNL009W_tm1259	1.0375	NaN
YMR195W_tm1994	0.93809	NaN
YDR438W_tm668	0.95622	NaN
YLR031W_tm566	0.97025	NaN
YOL028C_tm2285	0.97728	NaN
YGR213C_tm579	0.99735	NaN
YGR071C_tm1825	1.046	NaN
YKR028W_tm462	0.97128	NaN
YLR351C_tm2357	0.94268	NaN
YJL134W_tm1793	1.0249	NaN
YLR456W_tm567	1.06	NaN
YDR077W_tm627	0.92775	NaN
YGL002W_tm2241	0.99483	NaN
YPR154W_tm1090	0.85654	NaN
YOR371C_tm1831	0.94822	NaN
YBL005W_tm493	0.955	NaN
YBR259W_tm1140	0.95985	NaN
YHR179W_tm3309	0.96522	NaN
YBR015C_tm3312	0.9928	NaN
YDR122W_tm2217	1.003	NaN
YLR327C_tm1293	1.0038	NaN
YDR263C_tm460	1.0074	NaN
YOL101C_tm1239	1.0109	NaN
YGR243W_tm697	1.056	NaN
YLR187W_tm1858	0.90854	NaN
YDR233C_tm1791	0.91731	NaN
YFL042C_tm557	0.94372	NaN
YHR061C_tm2237	1.0409	NaN
YER179W_tm2998	0.96275	NaN
YKR053C_tm2177	0.97028	NaN
YFL041W_tm3304	0.9718	NaN
YDR093W_tm628	0.97358	NaN
YKR061W_tm1213	0.98263	NaN
YKL026C_tm1142	0.98331	NaN
YPL223C_tm1137	0.99634	NaN
YHR103W_tm1891	0.99883	NaN
YIR018W_tm684	1.0059	NaN
YDR185C_tm657	1.0084	NaN
YDR277C_tm500	1.0189	NaN
YJL099W_tm1832	1.0264	NaN
YDL130W-A_tm517	1.0269	NaN
YGR238C_tm2203	1.028	NaN
YER150W_tm2283	1.0324	NaN
YOR066W_tm352	0.95875	NaN
YBR001C_tm548	0.95952	NaN
YKR021W_tm1274	0.92415	NaN
YGL060W_tm1205	0.94724	NaN
YDR309C_tm632	0.95349	NaN
YDR379W_tm422	0.96626	NaN
YNL008C_tm1169	0.96628	NaN
YKL081W_tm3125	0.96676	NaN
YMR124W_tm1149	0.96933	NaN
YML118W_tm551	0.98181	NaN
YKR036C_tm1887	0.99932	NaN
YPR008W_tm497	0.99988	NaN
YGL082W_tm576	1.0077	NaN
YKL072W_tm481	1.0169	NaN
YNL144C_tm1260	1.0419	NaN
YDL127W_tm457	1.0159	NaN
YBR147W_tm555	0.99433	NaN
YKR078W_tm608	1.0028	NaN
YER096W_tm1890	NaN	NaN
YMR153W_tm721	0.91265	NaN
YKR096W_tm1995	0.7698	NaN
YHR015W_tm1099	0.93722	NaN
YOL128C_tm1192	0.95773	NaN
YJR054W_tm665	0.98933	NaN
YML028W_tm1225	0.97133	NaN
YIL052C_tm382	0.98378	NaN
YDR514C_tm1236	0.99885	NaN
YJR147W_tm1255	0.85156	NaN
YHR057C_tm1249	0.93421	NaN
YER056C-A_tm640	0.8721	NaN
YGR169C-A_tm602	0.90465	NaN
YDR483W_tm704	0.95427	NaN
YER054C_tm2205	NaN	NaN
YMR237W_tm698	0.9442	NaN
YLR270W_tm693	0.888	NaN
YDR200C_tm418	0.9412	NaN
YDL021W_tm534	0.99183	NaN
YER064C_tm584	0.96655	NaN
YHR001W_tm651	0.97531	NaN
YER067W_tm575	0.9987	NaN
YER059W_tm545	0.9153	NaN
YDR343C_tm633	0.99587	NaN
YBR294W_tm3318	0.99733	NaN
YER045C_tm2209	0.99167	NaN
YJR030C_tm2333	1.0069	NaN
YKR042W_tm1988	1.1464	NaN
YLR270W+YOR173W_tm1523	NaN	NaN
YMR237W+YOR299W_tm1592	NaN	NaN
YGR049W+YLR356W_tm3376	NaN	NaN
YML116W+YMR279C_tm3380	NaN	NaN
YJL181W+YJR030C_tm3408	NaN	NaN
YBL056W+YER089C_tm3391	NaN	NaN
YLR284C+YOR180C_tm110	NaN	NaN
YBR147W+YOL092W_tm3	NaN	NaN
YER056C-A+YIL052C_tm1507	NaN	NaN
YKR091W+YOR083W_tm3364	NaN	NaN
YOR247W+YPL163C_tm3377	NaN	NaN
YKR052C+YJL133W_tm3382	NaN	NaN
YGR243W+YHR162W_tm3397	NaN	NaN
YKL050C+YMR031C_tm3395	NaN	NaN
YBL059W+YER093C-A_tm3375	NaN	NaN
YMR177W+YPL224C_tm14	NaN	NaN
YGR238C+YHR158C_tm3370	NaN	NaN
YIR018W+YOL028C_tm3392	NaN	NaN
YBR183W+YPL087W_tm3381	NaN	NaN
YGL096W+YPL177C_tm3394	NaN	NaN
YBL005W+YGL013C_tm3390	NaN	NaN
YDR077W+YER150W_tm3410	NaN	NaN
YDR200C+YLR238W_tm45	NaN	NaN
YER045C+YIL036W_tm3406	NaN	NaN
YKL072W+YMR053C_tm3367	NaN	NaN
YDR277C+YOR047C_tm146	NaN	NaN
YGR023W+YLR332W_tm3363	NaN	NaN
YDR368W+YOR120W_tm1565	NaN	NaN
YKL220C+YLL051C_tm3378	NaN	NaN
YGR230W+YHR152W_tm3404	NaN	NaN
YBL043W+YJR115W_tm3405	NaN	NaN
YDR309C+YHR061C_tm3366	NaN	NaN
YDR146C+YLR131C_tm101	NaN	NaN
YHR001W+YKR003W_tm1509	NaN	NaN
YDR132C+YLR108C_tm3393	NaN	NaN
YKL121W+YMR102C_tm3368	NaN	NaN
YJL116C+YKR042W_tm1573	1.0946	NaN
YNL195C+YDL223C_tm84	1.0831	NaN
YBR078W+YDR055W_tm1627	1.0611	NaN
YMR175W+YPL223C_tm95	1.0475	NaN
YBL075C+YER103W_tm147	1.0475	NaN
YDL127W+YDL179W_tm51	1.0334	NaN
YHR146W+YNL173C_tm1617	1.0304	NaN
YHR155W+YNL257C_tm140	1.025	NaN
YHR096C+YDR345C_tm1589	1.0244	NaN
YMR181C+YPL229W_tm15	1.0239	NaN
YHR139C+YNL160W_tm175	1.0169	NaN
YLR187W+YNL278W_tm1543	1.0104	NaN
YPL219W+YGL134W_tm151	1.0088	NaN
YER067W+YIL057C_tm38	1.0087	NaN
YDR273W+YOR042W_tm165	1.0054	NaN
YDR125C+YLR099C_tm42	1.0044	NaN
YPL130W+YOR214C_tm2058	1.004	NaN
YDR505C+YLR177W_tm1632	1.0007	NaN
YKL187C+YLR413W_tm1576	0.99732	NaN
YDR458C+YML034W_tm1513	0.99685	NaN
YLL054C+YCR106W_tm2671	0.99384	NaN
YFL048C+YLR080W_tm63	0.99034	NaN
YMR192W+YPL249C_tm1528	0.98635	NaN
YDR272W+YOR040W_tm74	0.98463	NaN
YCR105W+YMR318C_tm2497	0.98432	NaN
YDR475C+YOR019W_tm1621	0.9833	NaN
YOR237W+YPL145C_tm1597	0.981	NaN
YCL040W+YDR516C_tm6	0.98084	NaN
YBR005W+YDR003W_tm1501	0.97833	NaN
YDR263C+YOR033C_tm26	0.97781	NaN
YJR058C+YLR170C_tm2680	0.97776	NaN
YBR197C+YPL077C_tm76	0.97677	NaN
YAL034C+YOR338W_tm75	0.976	NaN
YBR001C+YDR001C_tm1628	0.97478	NaN
YBL054W+YER088C_tm1594	0.9743	NaN
YLL021W+YLR313C_tm1545	0.97269	NaN
YDL155W+YLR210W_tm65	0.97129	NaN
YLR351C+YJL126W_tm2397	0.96476	NaN
YFL053W+YML070W_tm2676	0.96476	NaN
YOR387C+YGL258W_tm2687	0.96226	NaN
YOR375C+YAL062W_tm1498	0.96225	NaN
YHR132W-A+YNL157W_tm1572	0.9618	NaN
YDL130W-A+YDL181W_tm52	0.96026	NaN
YJR039W+YEL025C_tm112	0.95851	NaN
YJR130C+YML082W_tm1574	0.94444	NaN
YFR022W+YOR018W_tm1568	0.9432	NaN
YBR241C+YGL104C_tm41	0.93822	NaN
YGR169C-A+YJR005C-A_tm123	0.93473	NaN
YGR239C+YHR160C_tm86	0.93072	NaN
YIL117C+YNL058C_tm103	0.92621	NaN
YDR085C+YER158C_tm167	0.925	NaN
YEL039C+YJR048W_tm11	0.92334	NaN
YHR113W+YKL103C_tm2414	0.91511	NaN
YER064C+YIL056W_tm58	0.90827	NaN
YFR017C+YOL024W_tm1520	0.90659	NaN
YGR136W+YPR154W_tm47	0.905	NaN
YCR069W+YNR028W_tm163	0.89463	NaN
YML078W+YDR155C_tm2496	0.89206	NaN
YNR034W-A+YCR075W-A_tm135	0.89057	NaN
YHR131C+YNL144C_tm37	0.88357	NaN
YAR002C-A+YGL002W_tm1	0.87051	NaN
YKL093W+YMR081C_tm116	0.8585	NaN
YCL024W+YDR507C_tm1532	0.85558	NaN
YBR024W+YBR037C_tm125	0.81036	NaN
YJR127C+YML081W_tm1575	0.80076	NaN
YER095W+YER179W_tm2683	0.79136	NaN
YLL012W+YLR020C_tm164	0.78682	NaN
YDL082W+YMR142C_tm126	0.769	NaN
YAL028W+YOR324C_tm1553	0.75577	NaN
YLR110C+YDR134C_tm1579	0.72175	NaN
YLL061W+YPL274W_tm111	0.71819	NaN
YKR078W+YOR069W_tm177	NaN	NaN
YCR048W+YNR019W_tm1600	0.34083	NaN
YCR026C+YEL016C_tm1559	0.5998	NaN
YMR199W+YPL256C_tm1604	NaN	NaN
YFL041W+YMR058W_tm2674	0.54596	NaN
YDR096W+YER169W_tm27	0.44357	NaN
YKR095W+YIL149C_tm1623	0.8307	NaN
YER132C+YGL197W_tm24	0.85349	NaN
YIL151C+YKR096W_tm1729	0.64755	NaN
YDR185C+YLR168C_tm1562	0.8956	NaN
YNL298W+YOL113W_tm1645	0.70118	NaN
YHR206W+YJR147W_tm29	NaN	NaN
YCL011C+YNL004W_tm1590	0.74232	NaN
YKL105C+YMR086W_tm172	0.82141	NaN
YHR108W+YDR358W_tm1647	0.7085	NaN
YJR032W+YLR216C_tm2399	0.67867	NaN
YNL307C+YOL128C_tm150	0.89315	NaN
YER129W+YGL179C_tm132	0.846	NaN
YNL053W+YIL113W_tm23	0.81953	NaN
YLR456W+YPR172W_tm1618	1.0976	NaN
YCR010C+YNR002C_tm92	0.84396	NaN
YKL148C+YJL045W_tm1638	0.87905	NaN
YOR153W+YDR406W_tm105	0.902	NaN
YMR182C+YPL230W_tm104	0.88059	NaN
YER096W+YBL061C_tm1624	1.0826	NaN
YJL137C+YKR058W_tm1536	0.86707	NaN
YDR492W+YOL101C_tm10	0.89413	NaN
YML111W+YMR275C_tm79	0.45361	NaN
YGR027C+YLR333C_tm1569	0.524	NaN
YKR036C+YJL112W_tm1649	0.74221	NaN
YBR273C+YJL048C_tm4	0.9763	NaN
YGL019W+YOR039W_tm2402	0.79582	NaN
YDL079C+YMR139W_tm178	0.9472	NaN
YKL081W+YPL048W_tm2495	0.91762	NaN
YBR054W+YDR033W_tm1500	0.9372	NaN
YGR086C+YPL004C_tm2398	0.88505	NaN
YKR028W+YJL098W_tm160	0.49018	NaN
YDR343C+YHR094C_tm1504	0.977	NaN
YJL212C+YPR194C_tm2407	0.88958	NaN
YKL133C+YMR115W_tm67	0.77273	NaN
YDR379W+YOR127W_tm1646	1.104	NaN
YDR252W+YPL037C_tm1526	0.9987	NaN
YAL036C+YGR173W_tm2689	0.89964	NaN
YGR283C+YMR310C_tm141	0.97582	NaN
YDR147W+YLR133W_tm35	0.917	NaN
YJR152W+YLR004C_tm2411	0.90311	NaN
YKR027W+YJL099W_tm1603	0.88006	NaN
YEL047C+YJR051W_tm60	1.1002	NaN
YJR054W+YML047C_tm1514	1.0134	NaN
YBR249C+YDR035W_tm2412	0.91011	NaN
YDR399W+YJR133W_tm2690	1.0144	NaN
YER059W+YIL050W_tm1629	0.90626	NaN
YIL111W+YNL052W_tm91	0.71211	NaN
YLR373C+YGR071C_tm1608	0.74529	NaN
YCL036W+YDR514C_tm5	0.96052	NaN
YBR025C+YHL014C_tm2409	0.78136	NaN
YBR270C+YJL058C_tm59	1.0234	NaN
YFR013W+YOL017W_tm1615	1.0489	NaN
YDR251W+YPL032C_tm1563	0.95776	NaN
YJL047C+YBR259W_tm98	0.80341	NaN
YMR222C+YOR280C_tm108	0.968	NaN
YEL006W+YIL006W_tm1614	0.80478	NaN
YLR266C+YOR172W_tm118	0.949	NaN
YPR115W+YGR097W_tm55	0.71271	NaN
YGR141W+YPR157W_tm1570	0.91832	NaN
YDR178W+YLR164W_tm139	0.912	NaN
YLR174W+YNL009W_tm36	1.0339	NaN
YHR179W+YPL171C_tm2679	0.98829	NaN
YOR222W+YPL134C_tm122	0.959	NaN
YBR177C+YPL095C_tm94	1.042	NaN
YMR153W+YDL088C_tm1533	0.40944	NaN
YML118W+YMR285C_tm1644	1.0775	NaN
YBR020W+YDR009W_tm85	0.97029	NaN
YOR076C+YKR084C_tm1602	0.86255	NaN
YGR138C+YPR156C_tm97	0.908	NaN
YEL070W+YNR073C_tm2685	1.051	NaN
YPL250C+YMR195W_tm1583	0.88703	NaN
YAL051W+YOR363C_tm1554	1.008	NaN
YBR172C+YPL105C_tm1612	0.93624	NaN
YMR198W+YPL253C_tm131	0.61648	NaN
YDR438W+YML018C_tm1566	0.995	NaN
YGR213C+YLR046C_tm173	0.98585	NaN
YIR037W+YKL026C_tm100	0.99379	NaN
YJR091C+YPR042C_tm170	0.97984	NaN
YJL165C+YKL168C_tm1631	0.95527	NaN
YDR122W+YLR096W_tm155	0.9808	NaN
YJL079C+YKR013W_tm156	0.99134	NaN
YNL309W+YOL131W_tm117	1.1497	NaN
YCR089W+YNR044W_tm93	1.0214	NaN
YBR014C+YDL010W_tm143	0.93173	NaN
YCR073W-A+YNR034W_tm128	0.933	NaN
YBR245C+YOR304W_tm2673	0.948	NaN
YPL112C+YOR193W_tm142	0.897	NaN
YHR103W+YDR351W_tm1599	0.87004	NaN
YNL283C+YOL105C_tm1580	1.059	NaN
YHR030C+YKL161C_tm61	0.86651	NaN
YGR004W+YLR324W_tm12	1.0369	NaN
YBR294W+YLR092W_tm2688	1.0284	NaN
YDR483W+YPL053C_tm1588	1.0238	NaN
YFL042C+YLR072W_tm62	0.99732	NaN
YJL164C+YKL166C_tm1637	0.82551	NaN
YKR077W+YOR066W_tm1639	1.0139	NaN
YBR182C+YPL089C_tm1557	1.0104	NaN
YER054C+YIL045W_tm57	0.96554	NaN
YKR034W+YJL110C_tm1508	0.99167	NaN
YGR121C+YPR138C_tm1531	1.0134	NaN
YOR233W+YPL141C_tm1581	0.593	NaN
YAL056W+YOR371C_tm1601	0.90827	NaN
YMR253C+YPL264C_tm2410	0.96175	NaN
YPR008W+YGL166W_tm54	0.999	NaN
YEL060C+YOR003W_tm169	1.067	NaN
YFR015C+YLR258W_tm64	1.0434	NaN
YOL091W+YBR148W_tm2056	1.0214	NaN
YLR031W+YMR124W_tm107	1.0003	NaN
YGL257C+YNR059W_tm2684	1.0119	NaN
YJL193W+YOR307C_tm2675	0.99	NaN
YBL009W+YGL021W_tm1593	1.0204	NaN
YLR432W+YML056C_tm1643	0.94824	NaN
YBR139W+YMR297W_tm2686	0.99635	NaN
YDR256C+YGR088W_tm2677	0.99986	NaN
YDR453C+YML028W_tm1642	0.97279	NaN
YJL172W+YOL153C_tm2672	0.99685	NaN
YDR287W+YHR046C_tm2678	0.9833	NaN
YGL082W+YPL191C_tm1616	1.0449	NaN
YBL069W+YER101C_tm2	1.0455	NaN
YBR214W+YGL056C_tm1587	0.98282	NaN
YBL091C-A+YER120W_tm1598	0.97182	NaN
YPL273W+YLL062C_tm114	0.94521	NaN
YJL139C+YKR061W_tm1630	0.83203	NaN
YDR423C+YML007W_tm9	0.95974	NaN
YDR222W+YLR225C_tm1511	1.053	NaN
YFR023W+YHR015W_tm56	1.0079	NaN
YML100W+YMR261C_tm1640	1.0138	NaN
YMR037C+YKL062W_tm1606	0.80687	NaN
YPL137C+YOR227W_tm168	0.936	NaN
YBR216C+YGL060W_tm1613	1.0088	NaN
YAL015C+YOL043C_tm72	1.0133	NaN
YDR151C+YLR136C_tm46	1.0023	NaN
YHR047C+YKL157W_tm1636	1.08	NaN
YGR273C+YMR295C_tm1518	0.99233	NaN
YDL021W+YOL056W_tm136	0.96225	NaN
YGR248W+YHR163W_tm1547	0.86601	NaN
YDL204W+YDR233C_tm1561	1.0159	NaN
YIL085C+YNL029C_tm44	1.0013	NaN
YDR304C+YHR057C_tm22	0.93263	NaN
YBR015C+YJL186W_tm2682	1.0164	NaN
YIL156W+YKR098C_tm157	1.056	NaN
YBR104W+YPR058W_tm78	0.952	NaN
YBL089W+YER119C_tm174	1.0174	NaN
YDR093W+YER166W_tm1537	1.0174	NaN
YGR041W+YLR353W_tm43	1.0159	NaN
YBR278W+YJL065C_tm1607	0.9272	NaN
YJL105W+YKR029C_tm154	0.93664	NaN
YGR197C+YJR015W_tm138	0.97932	NaN
YCL048W+YDR522C_tm19	1.0169	NaN
YCL035C+YDR513W_tm166	0.99182	NaN
YKR053C+YJL134W_tm1578	1.0009	NaN
YFR012W+YOL019W_tm129	1.0279	NaN
YGR008C+YLR327C_tm2055	0.99066	NaN
YHR210C+YNR071C_tm2692	1.0159	NaN
YKL065C+YMR040W_tm66	1.0234	NaN
YHR003C+YKL027W_tm152	0.96375	NaN
YGR035C+YLR346C_tm90	0.99235	NaN
YMR119W+YNL008C_tm127	1.0154	NaN
YDR259C+YOR028C_tm1550	0.99368	NaN
YJL084C+YKR021W_tm25	1.0274	NaN
YCL050C+YDR530C_tm1534	0.97833	NaN
YBR066C+YDR043C_tm1556	0.9653	NaN
